"enrollee_id","target"
6424,0
18304,0
22515,0
15878,0
22128,0
17347,0
32239,0
1012,0
7766,0
3984,0
23247,0
18458,0
5248,0
13094,0
24516,0
1511,0
30822,0
25281,0
12324,0
16450,0
25513,0
32015,0
18228,0
11260,0
3566,0
14211,0
15827,0
18376,0
4412,0
22210,0
22112,0
27607,0
1359,0
5210,0
25378,0
26280,0
18778,0
2435,0
728,0
11259,0
3955,0
30668,0
5897,0
20442,0
27451,0
3489,0
24147,0
3328,0
3378,0
3021,0
592,0
30992,0
30091,0
33037,0
18480,0
28778,0
32384,0
10747,0
31603,0
22537,0
29924,0
16545,0
11797,0
16537,0
32026,0
17929,0
8636,0
11021,0
10547,0
29987,0
5880,0
8119,0
30261,0
22865,0
17410,0
2901,0
5701,0
3633,0
22185,0
30919,0
21436,0
14138,0
31757,0
26644,0
30620,0
26342,0
28159,0
16041,0
13183,0
30330,0
20619,0
30325,0
28311,0
16681,0
26677,0
21137,0
32215,0
18839,0
24695,0
21642,0
22535,0
7449,0
15390,0
4567,0
26212,0
2235,0
6130,0
27680,0
29621,0
1464,0
5725,0
18134,0
18362,0
30117,0
5218,0
29770,0
22072,0
16256,0
6033,0
16177,0
21225,0
1565,0
28550,0
317,0
10758,0
3176,0
7383,0
15404,0
29744,0
22006,0
2462,0
16612,0
8433,0
26167,0
30452,0
4986,0
5378,0
16980,0
21196,0
30226,0
17636,0
5798,0
4109,0
31868,0
22725,0
26737,0
6866,0
28687,0
5763,0
12673,0
20341,0
4111,0
17421,0
7056,0
29401,0
23712,0
5127,0
24929,0
25266,0
10370,0
30687,0
7372,0
27395,0
23942,0
18784,0
24229,0
26477,0
31979,0
16674,0
18759,0
15942,0
7208,0
24622,0
25588,0
24179,0
27408,0
22155,0
7695,0
20979,0
11832,0
7780,0
6306,0
27690,0
11528,0
25211,0
190,0
7167,0
22595,0
9118,0
16229,0
9980,0
75,0
24144,0
24537,0
11812,0
26230,0
3215,0
2180,0
9709,0
30066,0
28214,0
33128,0
18146,0
12190,0
29348,0
9365,0
18198,0
713,0
4252,0
12870,0
30390,0
8044,0
2083,0
11675,0
4336,0
33125,0
897,0
22919,0
3639,0
28116,0
3170,0
17819,0
14995,0
20733,0
20595,0
5630,0
31651,0
29495,0
8585,0
27401,0
24653,0
11648,0
26815,0
3992,0
33127,0
15891,0
12135,0
26813,0
22249,0
25625,0
30704,0
19163,0
2234,0
5159,0
16692,0
31680,0
20208,0
23056,0
1061,0
31617,0
4284,0
20359,0
20136,0
14633,0
2283,0
12932,0
18240,0
8534,0
4772,0
20686,0
25992,0
4454,0
18543,0
11040,0
32407,0
5926,0
211,0
26476,0
31043,0
17964,0
28262,0
17739,0
24086,0
12543,0
8251,0
32368,0
26864,0
5574,0
15138,0
26900,0
1217,0
28077,0
25302,0
14791,0
28922,0
31184,0
31918,0
9784,0
20394,0
5117,0
20785,0
7039,0
27821,0
26696,0
15357,0
27428,0
21654,0
5847,0
24397,0
21812,0
5297,0
17647,0
8414,0
26717,0
29811,0
11906,0
31127,0
4396,0
23041,0
10194,0
26030,0
26429,0
21597,0
31602,0
8706,0
12715,0
764,0
26949,0
28051,0
24280,0
21985,0
7995,0
13017,0
29487,0
15998,0
505,0
5700,0
28211,0
13803,0
31939,0
24644,0
29953,0
22305,0
30386,0
12548,0
22895,0
6267,0
16115,0
32878,0
9801,0
14610,0
30807,0
19919,0
11863,0
31125,0
31075,0
17516,0
30172,0
24798,0
30673,0
1665,0
29512,0
33023,0
29270,0
3075,0
24328,0
26496,0
13611,0
20093,0
10797,0
29569,0
28015,0
3433,0
20593,0
27792,0
1281,0
11919,0
7153,0
15643,0
14454,0
10392,0
11552,0
8159,0
26749,0
29289,0
8715,0
30854,0
24572,0
9264,0
7984,0
3209,0
21647,0
23595,0
5139,0
1566,0
5868,0
4415,0
25265,0
11774,0
22878,0
30319,0
25839,0
2756,0
5651,0
28855,0
31942,0
16815,0
10361,0
3746,0
30898,0
861,0
5858,0
21153,0
24984,0
22586,0
9543,0
4342,0
27057,0
27841,0
3370,0
29329,0
7037,0
781,0
21201,0
13450,0
25809,0
31084,0
15131,0
6018,0
29730,0
29280,0
22164,0
19036,0
10457,0
27957,0
25577,0
11335,0
14034,0
21854,0
25409,0
1320,0
1529,0
11027,0
11411,0
28805,0
24030,0
26678,0
29819,0
8054,0
19784,0
32203,0
1106,0
27454,0
13145,0
27000,0
21539,0
30818,0
3490,0
30395,0
25849,0
16667,0
12597,0
28142,0
2218,0
18984,0
13331,0
5215,0
13848,0
10536,0
16856,0
4296,0
3036,0
31725,0
18465,0
11103,0
9623,0
1280,0
4014,0
29782,0
30366,0
27986,0
4190,0
4888,0
14511,0
29256,0
23995,0
1987,0
29662,0
14769,0
26830,0
15645,0
27935,0
8067,0
2966,0
1282,0
32885,0
26175,0
11747,0
17754,0
20246,0
71,0
2486,0
8230,0
22471,0
24531,0
18361,0
17649,0
6448,0
22425,0
12717,0
8792,0
14509,0
17705,0
22723,0
14416,0
11285,0
30203,0
13465,0
5389,0
18533,0
10961,0
9363,0
9911,0
25236,0
31720,0
6059,0
29540,0
5373,0
26605,0
9037,0
17602,0
30628,0
10930,0
31614,0
869,0
18938,0
6958,0
13610,0
16737,0
22663,0
8422,0
540,0
18902,0
22046,0
14017,0
19839,0
7151,0
14605,0
23141,0
14723,0
30872,0
805,0
11560,0
18093,0
6663,0
10953,0
13153,0
25631,0
26775,0
24680,0
25272,0
2402,0
7103,0
1309,0
32408,0
12623,0
2053,0
8416,0
33149,0
24070,0
26155,0
25716,0
701,0
3663,0
756,0
4178,0
4964,0
11347,0
26124,0
29036,0
26994,0
21293,0
12237,0
2513,0
4087,0
16325,0
11823,0
2145,0
5170,0
27343,0
21720,0
32174,0
13656,0
7557,0
10989,0
31422,0
28963,0
5460,0
13326,0
11966,0
31021,0
6476,0
5680,0
2873,0
4548,0
16390,0
374,0
927,0
4183,0
21761,0
21324,0
21770,0
29720,0
21931,0
32332,0
3201,0
13229,0
8929,0
28499,0
22719,0
28378,0
6581,0
22681,0
29855,0
11995,0
7542,0
30322,0
22683,0
24511,0
31374,0
13593,0
23598,0
29368,0
20325,0
5024,0
8194,0
17753,0
8940,0
11496,0
18461,0
18487,0
13801,0
19912,0
11062,0
25139,0
17273,0
3128,0
27666,0
32343,0
8452,0
24074,0
3004,0
8360,0
30110,0
14948,0
15047,0
3144,0
751,0
13329,0
20018,0
26286,0
11889,0
29496,0
10148,0
3241,0
13797,0
25989,0
20013,0
11515,0
23167,0
25049,0
31156,0
6803,0
33196,0
5973,0
14065,0
29412,0
21573,0
24154,0
13894,0
30601,0
1792,0
20734,0
14196,0
9369,0
33018,0
15433,0
19844,0
4662,0
21734,0
32740,0
31719,0
12335,0
6551,0
11512,0
3538,0
14260,0
28481,0
26926,0
14399,0
12766,0
21006,0
3061,0
17807,0
12315,0
29179,0
8692,0
25985,0
29562,0
23720,0
27553,0
23543,0
11134,0
25587,0
2989,0
11492,0
11577,0
3273,0
17023,0
6825,0
7299,0
9070,0
20131,0
24762,0
15074,0
30663,0
1975,0
31900,0
19808,0
21684,0
14072,0
4451,0
33326,0
18257,0
29840,0
3967,0
25725,0
21981,0
27919,0
562,0
23346,0
3930,0
1579,0
19837,0
2468,0
17567,0
29137,0
5597,0
10559,0
4594,0
23230,0
26871,0
17696,0
19257,0
3739,0
28020,0
21261,0
13647,0
6572,0
25330,0
25923,0
14724,0
3470,0
7178,0
30346,0
30610,0
29201,0
8215,0
19363,0
5869,0
4564,0
6517,0
20808,0
7006,0
33087,0
29161,0
15035,0
8777,0
29305,0
25554,0
3891,0
13483,0
9642,0
27894,0
27210,0
29082,0
21798,0
24020,0
28984,0
28363,0
12833,0
7935,0
33199,0
13398,0
28720,0
15033,0
18091,0
6770,0
21997,0
18947,0
29237,0
20203,0
9613,0
7990,0
8137,0
26100,0
26307,0
31553,0
9036,0
17303,0
6868,0
13936,0
5131,0
2975,0
5698,0
1932,0
5429,0
27259,0
14094,0
114,0
18926,0
19599,0
25153,0
3702,0
1799,0
15844,0
17984,0
7833,0
33013,0
32797,0
24532,0
5442,0
15690,0
25206,0
29462,0
15203,0
13090,0
8745,0
25911,0
18899,0
1288,0
27975,0
9577,0
16354,0
13703,0
33169,0
2311,0
6789,0
28745,0
31061,0
2905,0
7664,0
19767,0
18437,0
4531,0
22667,0
21060,0
32035,0
582,0
29153,0
11652,0
19248,0
28063,0
32430,0
8391,0
838,0
4482,0
5870,0
2792,0
17322,0
32622,0
10369,0
5939,0
27573,0
1734,0
26970,0
12805,0
15988,0
31322,0
33104,0
22666,0
23173,0
30924,0
27480,0
19627,0
2634,0
641,0
3261,0
12907,0
5815,0
4126,0
11752,0
22012,0
13535,0
29733,0
31982,0
24855,0
15986,0
27144,0
18955,0
3146,0
27361,0
21101,0
12376,0
5682,0
7044,0
13537,0
24458,0
14719,0
15106,0
19749,0
4035,0
2764,0
2856,0
21875,0
847,0
4826,0
32575,0
32723,0
401,0
33096,0
7698,0
6718,0
12485,0
15662,0
10022,0
25458,0
16622,0
10601,0
25368,0
29728,0
7525,0
29037,0
22447,0
10510,0
351,0
20705,0
5713,0
31097,0
31064,0
26126,0
10025,0
14779,0
21456,0
11818,0
32490,0
31623,0
5436,0
32168,0
6445,0
13783,0
1501,0
21029,0
17196,0
29004,0
16813,0
9113,0
10763,0
5532,0
25539,0
13394,0
28416,0
32865,0
22514,0
10923,0
18768,0
18399,0
26836,0
18103,0
29217,0
2933,0
4046,0
15362,0
7760,0
22362,0
9058,0
3863,0
22290,0
30300,0
6606,0
26131,0
9007,0
12403,0
14912,0
26521,0
29893,0
3640,0
5035,0
17173,0
30079,0
10459,0
30281,0
17078,0
21398,0
6211,0
18501,0
5204,0
22243,0
8340,0
13453,0
27318,0
8677,0
19964,0
12334,0
20592,0
19089,0
20067,0
30151,0
27316,0
26907,0
1722,0
26101,0
4028,0
9265,0
26858,0
26666,0
8258,0
3869,0
15167,0
21473,0
28420,0
8680,0
7627,0
3353,0
11244,0
19455,0
30851,0
26013,0
5673,0
21021,0
15342,0
16787,0
6571,0
26948,0
26125,0
32583,0
15579,0
19782,0
12124,0
24346,0
29504,0
22490,0
6589,0
10651,0
10187,0
23687,0
15739,0
32925,0
31977,0
16746,0
23160,0
33265,0
3920,0
28386,0
29097,0
12571,0
72,0
33016,0
28649,0
5116,0
4224,0
13077,0
5855,0
10945,0
18323,0
15475,0
24906,0
24698,0
6101,0
13652,0
12655,0
19935,0
29456,0
942,0
15916,0
26425,0
3599,0
17400,0
23522,0
6385,0
26504,0
25843,0
25421,0
30490,0
33365,0
7531,0
8966,0
14239,0
13072,0
2461,0
10535,0
19463,0
33194,0
5933,0
22194,0
32932,0
16326,0
590,0
5264,0
22730,0
29990,0
3834,0
16322,0
22122,0
22944,0
30297,0
20161,0
8720,0
21799,0
6537,0
23027,0
4698,0
17679,0
4777,0
14489,0
1244,0
1715,0
27342,0
30144,0
14794,0
13575,0
9881,0
26705,0
17500,0
27081,0
20528,0
26416,0
14242,0
13618,0
14268,0
5010,0
10168,0
12269,0
14228,0
29521,0
27901,0
5244,0
32992,0
33203,0
2452,0
22262,0
17380,0
2836,0
31729,0
15714,0
8775,0
9400,0
31487,0
18927,0
5360,0
21264,0
8845,0
8867,0
20524,0
24491,0
17155,0
26880,0
23985,0
19379,0
19250,0
22912,0
14100,0
30943,0
22184,0
2195,0
19972,0
26092,0
23487,0
18736,0
20022,0
16884,0
11158,0
15349,0
6365,0
12350,0
8293,0
19819,0
31332,0
25736,0
30527,0
9693,0
23467,0
30275,0
31695,0
23609,0
32413,0
2191,0
30314,0
29718,0
15051,0
29342,0
8551,0
22530,0
15941,0
7427,0
15667,0
29384,0
25832,0
651,0
2502,0
26516,0
10996,0
17116,0
32842,0
7155,0
3752,0
26706,0
22052,0
9392,0
3961,0
24645,0
24370,0
33071,0
22612,0
25340,0
4820,0
4094,0
7021,0
31474,0
29503,0
26079,0
1342,0
4327,0
9233,0
8915,0
29190,0
580,0
27980,0
17475,0
23397,0
31795,0
3989,0
3162,0
8780,0
33181,0
12506,0
32014,0
3597,0
9341,0
22482,0
31526,0
14544,0
7928,0
11794,0
4174,0
27077,0
18283,0
32968,0
25,0
2208,0
21329,0
27329,0
6228,0
21337,0
22627,0
13916,0
7031,0
29239,0
425,0
4127,0
28424,0
12618,0
21221,0
23550,0
2886,0
26127,0
9516,0
33264,0
28101,0
5791,0
24199,0
22318,0
11709,0
22598,0
10292,0
23984,0
17443,0
9659,0
10824,0
20410,0
3968,0
4146,0
7552,0
15573,0
22071,0
4786,0
15029,0
17940,0
16919,0
23898,0
11586,0
22576,0
17022,0
815,0
10116,0
13254,0
26225,0
8628,0
30394,0
11704,0
25514,0
11156,0
13033,0
32789,0
5860,0
6888,0
23650,0
13041,0
15121,0
5417,0
27323,0
15343,0
15270,0
20835,0
23923,0
9691,0
7735,0
29675,0
19124,0
14729,0
14487,0
21706,0
29697,0
1889,0
13167,0
4512,0
776,0
8210,0
32777,0
16443,0
13527,0
31171,0
7348,0
23273,0
11445,0
6025,0
9653,0
19615,0
8661,0
18144,0
27911,0
1742,0
10351,0
6125,0
22588,0
29086,0
414,0
5727,0
5957,0
30465,0
18592,0
12774,0
22092,0
170,0
27355,0
5759,0
9920,0
32748,0
11742,0
29507,0
4982,0
6107,0
20500,0
6259,0
5490,0
5420,0
27691,0
20889,0
9525,0
20985,0
12160,0
32508,0
4096,0
22074,0
5187,0
28119,0
4000,0
23895,0
2479,0
3388,0
31793,0
1496,0
27979,0
30699,0
13799,0
12495,0
4860,0
22874,0
16146,0
24195,0
10186,0
31416,0
28242,0
19143,0
7725,0
8302,0
25207,0
14314,0
25061,0
17039,0
29998,0
8109,0
27171,0
17508,0
4076,0
16106,0
5554,0
17462,0
7988,0
6785,0
26247,0
16503,0
19983,0
31338,0
26253,0
12738,0
24072,0
28162,0
29187,0
8482,0
10908,0
29650,0
32251,0
27223,0
9669,0
31140,0
22651,0
16397,0
29961,0
19312,0
30816,0
4494,0
15070,0
23517,0
28576,0
25470,0
5591,0
28824,0
27499,0
32773,0
914,0
19882,0
23934,0
563,0
23067,0
30564,0
28257,0
1955,0
10087,0
4650,0
13663,0
8970,0
32422,0
12582,0
1559,0
6327,0
11234,0
21035,0
8844,0
28933,0
7305,0
933,0
1270,0
12272,0
28839,0
28595,0
3025,0
28744,0
25936,0
10887,0
26222,0
32718,0
1432,0
22299,0
32707,0
13854,0
10219,0
32466,0
16186,0
18798,0
5595,0
27375,0
28398,0
9541,0
1338,0
27477,0
7465,0
24696,0
31989,0
25997,0
19198,0
29534,0
28301,0
494,0
10314,0
24952,0
6542,0
29181,0
13263,0
3402,0
27380,0
17582,0
1297,0
10580,0
26145,0
16411,0
11490,0
30778,0
27889,0
7917,0
26687,0
19318,0
1084,0
27522,0
10611,0
2785,0
10725,0
3298,0
7113,0
17631,0
10871,0
16973,0
29293,0
18538,0
32724,0
24697,0
27251,0
12841,0
10349,0
22702,0
8784,0
19005,0
19534,0
14235,0
336,0
30811,0
8047,0
31523,0
13260,0
31671,0
10125,0
8086,0
29385,0
20041,0
23788,0
12801,0
8510,0
17033,0
22831,0
4379,0
1654,0
16814,0
33020,0
27325,0
8783,0
4658,0
15206,0
16538,0
29747,0
32692,0
27137,0
9532,0
21281,0
23939,0
21857,0
3242,0
28147,0
19581,0
21255,0
13165,0
3585,0
6430,0
18274,0
9935,0
2007,0
11245,0
10815,0
23177,0
23944,0
8624,0
5743,0
11513,0
3179,0
3436,0
30142,0
22632,0
19307,0
18365,0
23902,0
15153,0
27600,0
6141,0
12730,0
15964,0
14008,0
4335,0
3199,0
28376,0
32188,0
16163,0
16999,0
15969,0
13598,0
32192,0
21142,0
21498,0
16701,0
10542,0
27811,0
10581,0
4380,0
8492,0
28944,0
6995,0
30911,0
25019,0
20920,0
14374,0
4590,0
27565,0
21834,0
32652,0
25096,0
26159,0
24332,0
7490,0
21174,0
25418,0
6192,0
26400,0
18826,0
10504,0
8074,0
29172,0
29094,0
23695,0
31724,0
21784,0
28165,0
16731,0
25748,0
14234,0
17951,0
22156,0
23725,0
9190,0
32874,0
28703,0
13061,0
7484,0
21051,0
6288,0
17212,0
4269,0
30638,0
22647,0
26671,0
26876,0
3999,0
19526,0
16000,0
11802,0
28294,0
17143,0
7414,0
9182,0
20597,0
28761,0
20708,0
9130,0
11877,0
22287,0
25546,0
6707,0
4156,0
22001,0
13267,0
32175,0
10886,0
20738,0
16248,0
25835,0
2385,0
25915,0
2994,0
25998,0
30420,0
11739,0
28166,0
103,0
482,0
25825,0
12683,0
6447,0
11987,0
12014,0
28587,0
32164,0
3409,0
10059,0
32231,0
21045,0
8150,0
21363,0
9298,0
27315,0
20049,0
17660,0
25722,0
16053,0
14949,0
20099,0
23972,0
21896,0
18034,0
22307,0
17977,0
28804,0
25320,0
20859,0
11751,0
16748,0
32082,0
3567,0
19933,0
3657,0
1894,0
33237,0
5884,0
460,0
29054,0
954,0
1425,0
21829,0
30952,0
18477,0
24552,0
4617,0
26991,0
500,0
29909,0
21310,0
3778,0
28690,0
1025,0
14727,0
6961,0
2434,0
23276,0
20576,0
790,0
1060,0
22105,0
16464,0
19833,0
6475,0
19068,0
27751,0
9964,0
581,0
246,0
2167,0
30997,0
18738,0
32321,0
2880,0
7226,0
5404,0
25071,0
28382,0
10178,0
1039,0
8394,0
773,0
4730,0
8096,0
3754,0
13134,0
896,0
4640,0
9419,0
12419,0
23040,0
6605,0
28866,0
8621,0
18883,0
28711,0
30181,0
4626,0
20582,0
4952,0
24836,0
32497,0
30848,0
2341,0
15754,0
27023,0
22600,0
32753,0
23113,0
11891,0
8437,0
19957,0
26780,0
30890,0
21140,0
6421,0
10596,0
7354,0
227,0
23143,0
15257,0
13363,0
9998,0
14854,0
24052,0
4389,0
19115,0
2465,0
33094,0
32591,0
54,0
25306,0
18157,0
20664,0
3616,0
13759,0
31479,0
12323,0
28697,0
4550,0
12253,0
20769,0
3080,0
16603,0
23585,0
10374,0
3095,0
16356,0
26084,0
29336,0
29060,0
23486,0
4961,0
27351,0
15650,0
28469,0
3590,0
16155,0
32937,0
18772,0
11100,0
7336,0
6233,0
22089,0
22609,0
2828,0
9981,0
9605,0
2033,0
31510,0
14366,0
4070,0
3572,0
2952,0
24474,0
6395,0
15679,0
31561,0
18758,0
26920,0
8314,0
8673,0
26707,0
19427,0
12113,0
32349,0
26143,0
347,0
18145,0
1521,0
12117,0
19572,0
17016,0
7441,0
102,0
27528,0
32926,0
22346,0
12719,0
7574,0
4696,0
8770,0
23556,0
27255,0
4595,0
27290,0
859,0
13219,0
24497,0
1801,0
7974,0
22757,0
9122,0
18814,0
9818,0
31953,0
18017,0
18417,0
26336,0
7287,0
8592,0
24432,0
27397,0
10915,0
16592,0
496,0
8634,0
33375,0
2516,0
27729,0
23731,0
32530,0
12995,0
30669,0
16699,0
18482,0
22011,0
11323,0
31087,0
16930,0
2977,0
32954,0
5472,0
30355,0
18862,0
30935,0
14330,0
32677,0
27055,0
24876,0
33206,0
21547,0
33328,0
26794,0
375,0
12480,0
14457,0
36,0
17587,0
14496,0
11497,0
16599,0
9811,0
30163,0
25701,0
31013,0
1444,0
31660,0
7506,0
28250,0
7551,0
2243,0
23264,0
28688,0
24658,0
17981,0
26284,0
25499,0
31544,0
24662,0
25873,0
16134,0
28965,0
26829,0
8231,0
9663,0
4706,0
4290,0
32976,0
4989,0
27092,0
30976,0
13744,0
6683,0
845,0
16173,0
28097,0
25922,0
14765,0
32470,0
8944,0
28008,0
9380,0
27554,0
31380,0
18291,0
14924,0
13683,0
1752,0
25741,0
25403,0
20559,0
21306,0
30603,0
31429,0
30567,0
11321,0
11360,0
6812,0
24481,0
18965,0
11037,0
8870,0
31598,0
7755,0
23185,0
25826,0
248,0
30340,0
16546,0
2547,0
32658,0
28264,0
31350,0
11986,0
16710,0
19669,0
22729,0
33,0
27115,0
22592,0
173,0
32554,0
405,0
4266,0
535,0
30681,0
24173,0
5382,0
23941,0
22656,0
30126,0
33325,0
31427,0
15736,0
6064,0
28748,0
28844,0
6283,0
30676,0
2133,0
13154,0
9477,0
1720,0
18971,0
1285,0
29750,0
6959,0
18567,0
9405,0
27345,0
13608,0
25436,0
4349,0
32257,0
27577,0
32832,0
5462,0
22225,0
20063,0
12177,0
11628,0
5744,0
9526,0
3442,0
9912,0
29517,0
17774,0
4792,0
26287,0
26022,0
19695,0
13747,0
4631,0
26006,0
23728,0
5324,0
1895,0
5473,0
8165,0
1505,0
6273,0
21067,0
24730,0
11551,0
7764,0
30116,0
23897,0
21723,0
29912,0
19110,0
8913,0
14214,0
11108,0
33211,0
2043,0
27374,0
13318,0
31850,0
18466,0
18116,0
33070,0
17473,0
2857,0
23036,0
13158,0
1092,0
27019,0
5468,0
5491,0
31872,0
3487,0
3763,0
15163,0
12797,0
18125,0
22276,0
27732,0
9151,0
1164,0
17645,0
16669,0
21013,0
8552,0
15110,0
337,0
11033,0
31383,0
22433,0
13812,0
7587,0
22175,0
8759,0
28757,0
18930,0
18905,0
32372,0
32191,0
3026,0
23114,0
19442,0
19658,0
13384,0
20960,0
31690,0
31302,0
21843,0
4798,0
29121,0
17239,0
4916,0
2281,0
31705,0
2065,0
12622,0
11917,0
12310,0
14082,0
15915,0
15415,0
6207,0
19674,0
1251,0
18743,0
17456,0
14336,0
11737,0
1119,0
28676,0
105,0
10594,0
29880,0
18072,0
1207,0
18334,0
5502,0
10303,0
10150,0
19052,0
1986,0
26972,0
10951,0
27435,0
7628,0
32142,0
28947,0
24764,0
20207,0
31265,0
29693,0
24805,0
21762,0
20717,0
2619,0
4131,0
24640,0
11724,0
2847,0
26773,0
19106,0
11910,0
4843,0
8346,0
23015,0
744,0
16445,0
6009,0
14665,0
23937,0
2771,0
11165,0
4528,0
14458,0
29028,0
21074,0
27644,0
12225,0
18687,0
22047,0
5336,0
25619,0
1719,0
20534,0
23552,0
27273,0
22996,0
27954,0
18231,0
27760,0
7491,0
16784,0
1194,0
31308,0
28168,0
3789,0
10399,0
32572,0
5707,0
24733,0
19804,0
15812,0
19280,0
4211,0
5549,0
25401,0
3067,0
28557,0
8449,0
12172,0
9676,0
16685,0
9589,0
8821,0
24349,0
24437,0
10378,0
18654,0
10595,0
27168,0
17216,0
5414,0
18337,0
8069,0
284,0
29473,0
20452,0
25667,0
15922,0
31065,0
8457,0
17061,0
27794,0
25626,0
9761,0
30878,0
3708,0
4895,0
1014,0
25838,0
14617,0
23406,0
33113,0
27994,0
6091,0
31395,0
5486,0
14526,0
6634,0
1116,0
9391,0
9342,0
4717,0
6658,0
11808,0
24465,0
16235,0
1355,0
30912,0
25381,0
20342,0
1584,0
18754,0
28510,0
971,0
14277,0
4970,0
4673,0
5906,0
11202,0
25988,0
27726,0
14775,0
32544,0
6614,0
30588,0
30199,0
10614,0
29034,0
19884,0
3418,0
1563,0
13993,0
14947,0
9775,0
18887,0
31342,0
9323,0
29170,0
27414,0
23645,0
11757,0
24321,0
30706,0
9476,0
29482,0
21743,0
27217,0
33198,0
7609,0
28486,0
19292,0
14307,0
12556,0
9246,0
3248,0
2323,0
33244,0
2359,0
24958,0
4162,0
9528,0
20982,0
25511,0
4647,0
2891,0
4049,0
28998,0
17943,0
12287,0
23126,0
25520,0
8961,0
31583,0
3551,0
11971,0
17918,0
27227,0
19179,0
5621,0
3401,0
7041,0
19531,0
45,0
10789,0
11840,0
1398,0
11868,0
2185,0
20238,0
20701,0
617,0
10849,0
442,0
22211,0
26305,0
11873,0
13810,0
22565,0
13966,0
3079,0
20826,0
10307,0
4303,0
25337,0
8930,0
2248,0
14519,0
32276,0
32509,0
1857,0
13253,0
28415,0
22645,0
20272,0
7007,0
27700,0
31016,0
19998,0
19284,0
24652,0
382,0
1199,0
20747,0
26713,0
5271,0
15160,0
1067,0
19033,0
25287,0
30782,0
11991,0
20051,0
5366,0
2476,0
2265,0
3303,0
8557,0
3797,0
5396,0
3785,0
24228,0
5119,0
32791,0
18001,0
3173,0
2632,0
3810,0
31370,0
4855,0
27109,0
2467,0
12161,0
28336,0
22282,0
182,0
14164,0
9821,0
3405,0
527,0
32763,0
31885,0
31621,0
16903,0
8855,0
7603,0
30408,0
4048,0
15502,0
3552,0
26001,0
21487,0
1030,0
30926,0
15471,0
9971,0
29320,0
29723,0
14379,0
16341,0
18869,0
2429,0
13469,0
10778,0
2833,0
5102,0
20146,0
11720,0
24963,0
245,0
32159,0
27676,0
12594,0
8104,0
23240,0
6023,0
23157,0
32552,0
11661,0
25624,0
21803,0
221,0
8868,0
3337,0
868,0
23165,0
5325,0
30873,0
31830,0
33131,0
18892,0
21828,0
25621,0
30118,0
11531,0
13941,0
10244,0
4824,0
29072,0
5431,0
29986,0
16579,0
5581,0
10111,0
29602,0
4394,0
30435,0
4535,0
9513,0
22898,0
4966,0
25673,0
14086,0
17945,0
19438,0
18164,0
5467,0
31076,0
17995,0
20248,0
16159,0
26824,0
4442,0
32313,0
10743,0
29640,0
28907,0
495,0
293,0
26402,0
31579,0
23633,0
22616,0
900,0
12076,0
31334,0
21512,0
27739,0
28929,0
32823,0
32957,0
26244,0
4165,0
3458,0
4688,0
29947,0
18280,0
16940,0
1913,0
27781,0
32704,0
6595,0
4793,0
19453,0
26208,0
31831,0
22251,0
26272,0
4700,0
20623,0
3459,0
6592,0
4892,0
24843,0
32326,0
19031,0
20780,0
14935,0
32443,0
28539,0
10524,0
17108,0
8876,0
15446,0
8650,0
7157,0
29029,0
10679,0
11930,0
7665,0
18582,0
24488,0
26837,0
32178,0
9287,0
25043,0
9467,0
31475,0
7732,0
15848,0
21321,0
7895,0
6120,0
30707,0
716,0
14989,0
10858,0
4881,0
26072,0
23769,0
20692,0
17354,0
11088,0
12118,0
4242,0
30925,0
31489,0
4767,0
33101,0
8663,0
20998,0
9986,0
30441,0
6493,0
31949,0
15202,0
4392,0
27546,0
25709,0
1787,0
16982,0
5726,0
31897,0
32548,0
14047,0
26955,0
25466,0
18678,0
19062,0
26814,0
26166,0
5247,0
20801,0
4778,0
9236,0
9647,0
6123,0
17105,0
12675,0
22003,0
14289,0
33312,0
7483,0
8436,0
23194,0
12799,0
31497,0
11318,0
8393,0
16668,0
19378,0
28780,0
25531,0
8295,0
8623,0
32893,0
21384,0
26134,0
31678,0
30156,0
30812,0
28918,0
3777,0
13091,0
24262,0
19041,0
32852,0
2386,0
1872,0
31901,0
1528,0
25459,0
5214,0
2839,0
2770,0
8984,0
4499,0
19368,0
17676,0
13304,0
22016,0
5335,0
9146,0
27469,0
12469,0
23169,0
26205,0
17792,0
4740,0
17135,0
28273,0
21218,0
27505,0
25537,0
9402,0
31752,0
16949,0
2533,0
33022,0
26649,0
26633,0
19206,0
8960,0
32904,0
14306,0
5844,0
8064,0
10283,0
12583,0
22877,0
32128,0
1557,0
14825,0
22377,0
4483,0
16634,0
19038,0
32666,0
23510,0
29899,0
10836,0
4043,0
13022,0
9555,0
958,0
31800,0
31368,0
9846,0
31931,0
12537,0
10020,0
20081,0
20539,0
5982,0
13112,0
29814,0
28522,0
27753,0
24142,0
18500,0
31294,0
11549,0
11847,0
1725,0
9723,0
23369,0
596,0
24282,0
21148,0
11954,0
12415,0
17030,0
28389,0
32247,0
273,0
26406,0
29773,0
17714,0
23649,0
15344,0
6119,0
28790,0
17830,0
9386,0
19965,0
23569,0
20848,0
955,0
11665,0
22240,0
28919,0
15600,0
3537,0
8097,0
21184,0
9891,0
25438,0
7294,0
17312,0
28986,0
32166,0
7396,0
23511,0
31205,0
25358,0
29532,0
18025,0
19369,0
9346,0
15906,0
1243,0
24222,0
13681,0
31046,0
5268,0
13676,0
11366,0
17613,0
28785,0
257,0
31712,0
27052,0
959,0
6594,0
27962,0
22781,0
1479,0
22907,0
9762,0
6307,0
14059,0
27068,0
9536,0
16600,0
21111,0
12776,0
32109,0
2705,0
2755,0
11961,0
31946,0
19901,0
15374,0
2841,0
8591,0
12895,0
7467,0
328,0
2382,0
28809,0
17011,0
21639,0
18636,0
5315,0
15583,0
11419,0
21722,0
25566,0
6030,0
9626,0
10317,0
11969,0
4147,0
22440,0
28722,0
19574,0
13614,0
7190,0
3501,0
10454,0
12424,0
6481,0
15559,0
3826,0
5946,0
29857,0
6187,0
11382,0
29702,0
2114,0
25380,0
10220,0
8718,0
32613,0
24046,0
12794,0
31488,0
31817,0
13038,0
27195,0
1896,0
32560,0
16452,0
15188,0
10786,0
6446,0
15735,0
11299,0
9373,0
5811,0
2410,0
30806,0
31954,0
19275,0
2769,0
18900,0
17206,0
24305,0
6719,0
18907,0
5711,0
12133,0
4221,0
30752,0
32997,0
10838,0
12226,0
30164,0
26264,0
17497,0
9339,0
19205,0
14707,0
28774,0
31938,0
29851,0
1834,0
9624,0
7569,0
30923,0
27461,0
11892,0
24411,0
25961,0
21414,0
14312,0
1659,0
16925,0
17849,0
22235,0
6700,0
21711,0
12325,0
12621,0
977,0
4622,0
891,0
20015,0
11941,0
10764,0
4192,0
26616,0
23419,0
3536,0
1156,0
6079,0
30444,0
19215,0
23684,0
657,0
22465,0
18751,0
15228,0
25429,0
4675,0
3506,0
20617,0
22130,0
6194,0
10271,0
15490,0
23615,0
14762,0
27470,0
3849,0
22147,0
25201,0
8772,0
5450,0
30160,0
13796,0
25332,0
19241,0
31134,0
32208,0
13028,0
11174,0
12540,0
4292,0
26308,0
8649,0
13,0
899,0
16694,0
2405,0
28942,0
18245,0
86,0
9394,0
27866,0
17575,0
13243,0
30302,0
30284,0
23355,0
28270,0
6113,0
24646,0
3726,0
33321,0
24450,0
399,0
11290,0
16055,0
7741,0
32836,0
22549,0
25784,0
16396,0
16769,0
7,0
20517,0
29836,0
14396,0
11826,0
21515,0
10710,0
32118,0
26133,0
7714,0
13045,0
1947,0
1351,0
219,0
11170,0
1675,0
25225,0
6753,0
20320,0
8060,0
4097,0
25396,0
22517,0
27236,0
11587,0
5891,0
12494,0
5175,0
5710,0
3508,0
32119,0
10969,0
30596,0
22238,0
15815,0
4489,0
27335,0
10933,0
32891,0
28463,0
26293,0
12729,0
8846,0
10604,0
31718,0
25921,0
9759,0
30436,0
4781,0
10770,0
31948,0
14266,0
24814,0
19244,0
17615,0
4775,0
1020,0
27247,0
7934,0
5193,0
16145,0
23812,0
11326,0
1120,0
9009,0
8629,0
32502,0
4903,0
25052,0
32004,0
10713,0
16826,0
21376,0
24191,0
15319,0
13727,0
21796,0
13429,0
31997,0
3870,0
27162,0
2403,0
3669,0
6702,0
1580,0
10511,0
26568,0
372,0
24617,0
14824,0
12686,0
21344,0
11530,0
18110,0
1187,0
3802,0
31829,0
5383,0
4193,0
20139,0
14194,0
32006,0
19631,0
4011,0
4306,0
12602,0
25199,0
24801,0
27664,0
9857,0
32984,0
7806,0
5695,0
27823,0
2947,0
22291,0
18028,0
17539,0
11745,0
17604,0
17875,0
5862,0
3982,0
29577,0
11175,0
20168,0
27510,0
20346,0
10691,0
16070,0
101,0
2838,0
16906,0
14978,0
8788,0
30145,0
14996,0
28314,0
17748,0
4815,0
14300,0
9286,0
17681,0
32611,0
31430,0
30107,0
1545,0
22626,0
22810,0
13063,0
16044,0
9077,0
18279,0
14256,0
12681,0
5480,0
4213,0
26119,0
21608,0
27673,0
8037,0
28170,0
5978,0
19037,0
31442,0
4264,0
16063,0
5893,0
15262,0
4195,0
24037,0
5854,0
23694,0
19810,0
29721,0
721,0
15520,0
31101,0
20720,0
5068,0
1824,0
3978,0
28169,0
30874,0
14982,0
32390,0
32204,0
32532,0
28074,0
18962,0
29627,0
28553,0
31647,0
26304,0
32300,0
3783,0
30714,0
2940,0
6251,0
11716,0
5044,0
27188,0
9010,0
3116,0
3937,0
23032,0
6010,0
18873,0
24242,0
32324,0
17460,0
7145,0
17749,0
2150,0
22755,0
19373,0
13285,0
32546,0
8467,0
3742,0
10443,0
13632,0
30031,0
5225,0
7164,0
10848,0
2186,0
6157,0
23020,0
28641,0
29685,0
22171,0
12068,0
11239,0
4355,0
32617,0
12705,0
22391,0
32903,0
31936,0
5178,0
4865,0
3473,0
28635,0
20620,0
21279,0
9540,0
15001,0
9313,0
5515,0
3655,0
4219,0
30823,0
20752,0
30814,0
14711,0
19809,0
10784,0
27328,0
27620,0
14830,0
20685,0
20604,0
11047,0
30030,0
378,0
32221,0
13325,0
11572,0
22256,0
7488,0
26840,0
1328,0
20114,0
10386,0
1933,0
22000,0
33035,0
2334,0
29791,0
20535,0
23234,0
30901,0
28374,0
1004,0
30349,0
3794,0
26377,0
24028,0
8790,0
23071,0
32328,0
1635,0
32807,0
265,0
30513,0
28612,0
31421,0
14981,0
28899,0
15654,0
27738,0
22850,0
25959,0
19073,0
10729,0
20195,0
3886,0
7134,0
4771,0
15093,0
29398,0
33242,0
29470,0
22662,0
2256,0
26375,0
18852,0
7556,0
29041,0
23135,0
32307,0
5716,0
32688,0
19328,0
1865,0
24922,0
25349,0
11603,0
29208,0
20953,0
9120,0
18978,0
13637,0
9459,0
4216,0
19737,0
2911,0
11461,0
24192,0
18123,0
31999,0
19657,0
26571,0
14287,0
15259,0
27046,0
30477,0
3728,0
12727,0
32647,0
16889,0
706,0
5827,0
178,0
30416,0
14502,0
32813,0
7059,0
31520,0
20002,0
2121,0
8860,0
13546,0
21964,0
7042,0
21973,0
29628,0
26700,0
12143,0
1689,0
5340,0
28245,0
13584,0
32625,0
12049,0
28677,0
15839,0
29943,0
18766,0
23954,0
1364,0
8776,0
1318,0
28373,0
27039,0
18454,0
21883,0
8714,0
19225,0
19760,0
23093,0
10888,0
31612,0
11715,0
14114,0
3106,0
21451,0
15148,0
24828,0
15235,0
12802,0
29687,0
4468,0
13731,0
28005,0
9424,0
23526,0
8473,0
12063,0
25200,0
7390,0
32199,0
33253,0
2757,0
8599,0
29749,0
22059,0
27907,0
13640,0
7549,0
32265,0
9943,0
9474,0
13864,0
20100,0
9724,0
8303,0
4423,0
480,0
14078,0
17038,0
3308,0
17159,0
28459,0
5717,0
10094,0
27043,0
23470,0
32008,0
1535,0
8690,0
32241,0
21562,0
18065,0
31241,0
27128,0
13383,0
18243,0
25759,0
25746,0
32566,0
11881,0
27056,0
24561,0
9963,0
10555,0
4874,0
2272,0
3878,0
7189,0
26329,0
11435,0
28240,0
5667,0
15075,0
25267,0
13388,0
8446,0
11289,0
17525,0
22778,0
30815,0
26421,0
1710,0
29631,0
10751,0
25824,0
7397,0
12900,0
29296,0
27922,0
21050,0
15803,0
4731,0
9110,0
23079,0
29538,0
4430,0
9788,0
25334,0
10735,0
1544,0
21542,0
13085,0
4100,0
23274,0
31312,0
24438,0
29267,0
10061,0
10017,0
3429,0
24241,0
2598,0
10359,0
11203,0
12693,0
27946,0
32416,0
27767,0
18066,0
87,0
4898,0
16136,0
32465,0
18077,0
5100,0
33305,0
21787,0
6584,0
11356,0
9610,0
30125,0
6730,0
17084,0
15862,0
12726,0
9675,0
31906,0
23191,0
8128,0
19108,0
18919,0
5635,0
13198,0
29102,0
28123,0
19096,0
21676,0
20519,0
31559,0
20187,0
13896,0
24985,0
31866,0
18230,0
26051,0
14048,0
24299,0
31412,0
24329,0
15114,0
21450,0
4565,0
3155,0
13283,0
26360,0
32287,0
27054,0
4733,0
25215,0
26810,0
16849,0
17101,0
1357,0
29279,0
8244,0
9640,0
11205,0
7512,0
33340,0
15241,0
4872,0
28215,0
6111,0
17049,0
23066,0
27270,0
12015,0
25584,0
502,0
30170,0
13206,0
30385,0
2413,0
4876,0
6266,0
7338,0
19594,0
18837,0
18485,0
32277,0
17955,0
635,0
14063,0
8631,0
30396,0
24936,0
7335,0
16126,0
1428,0
14244,0
32610,0
33141,0
32989,0
7838,0
458,0
488,0
4001,0
13034,0
9203,0
28203,0
26282,0
28014,0
27364,0
29152,0
15417,0
23967,0
33180,0
7778,0
8638,0
4708,0
2261,0
23316,0
6127,0
21008,0
1238,0
11216,0
3634,0
23399,0
22333,0
24530,0
25818,0
20117,0
12545,0
19356,0
6115,0
29315,0
13265,0
28436,0
17399,0
28843,0
5513,0
9627,0
463,0
13885,0
25785,0
19583,0
27720,0
8928,0
30200,0
29682,0
28660,0
28880,0
26654,0
2104,0
8688,0
12902,0
10421,0
31014,0
25693,0
9125,0
27423,0
32998,0
19646,0
3554,0
27346,0
2909,0
15621,0
30189,0
23205,0
27191,0
14977,0
4356,0
31495,0
32804,0
30841,0
32305,0
30309,0
15037,0
25731,0
27697,0
1001,0
17967,0
23197,0
9658,0
18804,0
2267,0
7461,0
26565,0
10528,0
3406,0
29083,0
23971,0
17315,0
21589,0
17868,0
22833,0
26584,0
32605,0
26607,0
19578,0
22522,0
28644,0
16447,0
23772,0
29677,0
11937,0
22350,0
28651,0
3330,0
7681,0
5096,0
22653,0
13343,0
12402,0
27608,0
9767,0
348,0
19601,0
16901,0
17184,0
21631,0
3845,0
9769,0
30725,0
8389,0
23436,0
698,0
26328,0
20744,0
11420,0
26047,0
6977,0
24542,0
7352,0
10225,0
25289,0
25022,0
3219,0
10243,0
9947,0
10467,0
13560,0
27798,0
988,0
25279,0
4297,0
30105,0
22002,0
26974,0
25558,0
9550,0
28003,0
1160,0
15710,0
29725,0
201,0
17419,0
21276,0
26401,0
21271,0
5039,0
5787,0
29523,0
10878,0
28786,0
18353,0
2844,0
2904,0
32048,0
16307,0
5955,0
13888,0
16412,0
26268,0
14405,0
7824,0
9783,0
2214,0
7168,0
27020,0
13458,0
28479,0
6196,0
30098,0
13625,0
24426,0
14417,0
6945,0
19148,0
14304,0
7731,0
7898,0
13646,0
9873,0
9401,0
13734,0
23144,0
30422,0
14928,0
28582,0
20003,0
25779,0
20311,0
7831,0
2175,0
20190,0
5613,0
17809,0
14537,0
5273,0
5136,0
30161,0
33259,0
13016,0
20672,0
20815,0
15053,0
21109,0
23311,0
204,0
15314,0
8376,0
19449,0
21002,0
24117,0
32115,0
30686,0
9803,0
19690,0
6973,0
28458,0
4657,0
8479,0
9086,0
32039,0
13882,0
26889,0
31619,0
33083,0
23151,0
13048,0
17381,0
27357,0
21992,0
20549,0
24132,0
11012,0
8716,0
3301,0
17865,0
7704,0
13425,0
32803,0
29813,0
32209,0
24857,0
31051,0
3050,0
4073,0
21908,0
22901,0
30097,0
4840,0
4887,0
24464,0
15897,0
3801,0
18504,0
22670,0
15613,0
3485,0
33229,0
28325,0
20197,0
23666,0
21663,0
1707,0
12579,0
11066,0
12451,0
3272,0
11376,0
16324,0
29887,0
20961,0
23932,0
28925,0
22988,0
26959,0
18506,0
1750,0
4291,0
11349,0
8158,0
4568,0
20919,0
5742,0
8654,0
24487,0
23023,0
28565,0
26567,0
30391,0
31262,0
1358,0
32214,0
15409,0
6840,0
32654,0
15034,0
19589,0
24588,0
23683,0
13486,0
2675,0
26904,0
26520,0
11274,0
2100,0
32472,0
7133,0
11810,0
32398,0
14245,0
22766,0
24717,0
8627,0
23689,0
15157,0
21186,0
27101,0
325,0
2787,0
21836,0
26738,0
23371,0
9303,0
7304,0
3045,0
7222,0
23149,0
27715,0
6190,0
26174,0
22868,0
32447,0
7705,0
21404,0
3244,0
19126,0
13404,0
13961,0
2893,0
708,0
31044,0
4884,0
4200,0
27926,0
761,0
3685,0
22787,0
2660,0
11271,0
4990,0
9520,0
19253,0
13728,0
5071,0
21162,0
9729,0
20086,0
12920,0
3120,0
4661,0
28468,0
26556,0
12332,0
12389,0
1610,0
4161,0
21602,0
30469,0
16636,0
20996,0
15315,0
3927,0
17755,0
11805,0
22080,0
31983,0
22470,0
5866,0
15567,0
26313,0
5646,0
4436,0
3910,0
497,0
4689,0
12910,0
28082,0
33122,0
9507,0
21816,0
11477,0
2693,0
27589,0
24692,0
6003,0
8163,0
11887,0
4812,0
445,0
6459,0
26405,0
3804,0
3865,0
5518,0
18022,0
19738,0
25103,0
20276,0
31710,0
15968,0
32477,0
18191,0
25226,0
21299,0
31179,0
8149,0
3451,0
29585,0
10182,0
1582,0
26930,0
33153,0
7562,0
31490,0
29106,0
20749,0
13857,0
10863,0
7497,0
26543,0
1253,0
32246,0
18462,0
929,0
15509,0
30440,0
23690,0
28372,0
20875,0
16859,0
19040,0
33046,0
18186,0
15491,0
2354,0
19485,0
32291,0
3836,0
4606,0
14098,0
21119,0
4025,0
16178,0
17643,0
3766,0
20566,0
25684,0
28135,0
32667,0
6688,0
13559,0
31034,0
25204,0
29670,0
28727,0
15430,0
24816,0
22144,0
31271,0
17369,0
6858,0
26390,0
16064,0
7318,0
29714,0
31085,0
29763,0
7992,0
13502,0
7736,0
25194,0
27147,0
29057,0
15646,0
23502,0
27879,0
26960,0
21079,0
840,0
26292,0
21678,0
13824,0
1068,0
1034,0
23404,0
30540,0
13196,0
23990,0
7325,0
25282,0
8812,0
5657,0
28467,0
23443,0
24668,0
22233,0
24039,0
1264,0
15183,0
31755,0
132,0
22201,0
20645,0
28781,0
5837,0
6352,0
4133,0
25301,0
7154,0
7578,0
18580,0
1990,0
6137,0
22783,0
7864,0
1077,0
6855,0
4769,0
26734,0
18087,0
3684,0
14102,0
16934,0
21150,0
11839,0
24950,0
6480,0
157,0
12344,0
9387,0
13785,0
14436,0
23805,0
17040,0
6420,0
452,0
10188,0
30003,0
315,0
6632,0
3428,0
21535,0
32218,0
18196,0
9133,0
28586,0
9949,0
8441,0
27449,0
5055,0
20155,0
11637,0
10063,0
30077,0
6038,0
20298,0
31539,0
26733,0
1059,0
9370,0
3731,0
27990,0
30722,0
14087,0
8691,0
19160,0
29039,0
4639,0
16887,0
27549,0
24863,0
11624,0
5355,0
17126,0
25477,0
7612,0
27683,0
30032,0
18014,0
3932,0
15845,0
29576,0
29350,0
21367,0
12975,0
20004,0
5326,0
27824,0
17349,0
31096,0
28296,0
25130,0
18913,0
373,0
3318,0
24616,0
22546,0
9870,0
18170,0
324,0
7798,0
4749,0
17879,0
191,0
22137,0
21083,0
10937,0
20972,0
3483,0
25127,0
14800,0
28938,0
29533,0
14387,0
16358,0
22968,0
9169,0
19484,0
31273,0
11562,0
21559,0
10371,0
25015,0
19806,0
10984,0
11599,0
11769,0
4227,0
19045,0
22931,0
24477,0
2284,0
24672,0
6920,0
27322,0
3898,0
32171,0
7194,0
27407,0
9681,0
29118,0
17585,0
21112,0
20952,0
25795,0
18122,0
27035,0
18819,0
12241,0
23008,0
18229,0
12371,0
16418,0
15556,0
1520,0
9757,0
26598,0
25808,0
30541,0
9185,0
7713,0
30516,0
26711,0
20188,0
5896,0
10212,0
4695,0
17783,0
1378,0
21492,0
30094,0
31860,0
13955,0
12026,0
28931,0
14681,0
8542,0
18727,0
32594,0
270,0
29808,0
32183,0
8667,0
16130,0
5443,0
16016,0
28358,0
3497,0
1599,0
9905,0
7272,0
23054,0
13724,0
22010,0
26857,0
24633,0
23778,0
12364,0
20669,0
19069,0
10209,0
5766,0
13971,0
19855,0
7193,0
29901,0
17976,0
26112,0
11827,0
12672,0
12321,0
3549,0
4416,0
25781,0
597,0
3805,0
2292,0
15846,0
21369,0
32863,0
5338,0
12779,0
33152,0
15637,0
9519,0
8221,0
10231,0
20501,0
3416,0
11372,0
32746,0
27309,0
13568,0
20191,0
32132,0
7688,0
23779,0
27756,0
15940,0
14557,0
12107,0
28873,0
26503,0
21595,0
4611,0
16697,0
7790,0
21989,0
15983,0
12591,0
30485,0
27249,0
2679,0
30379,0
6731,0
23955,0
10846,0
25597,0
1073,0
11055,0
25548,0
23844,0
15908,0
24475,0
15819,0
12943,0
12326,0
23124,0
27370,0
14142,0
27659,0
14494,0
24706,0
20787,0
8180,0
32077,0
28306,0
5740,0
29180,0
11275,0
24547,0
23086,0
5634,0
2176,0
6298,0
15547,0
8798,0
9748,0
6164,0
9334,0
4433,0
26945,0
16236,0
30861,0
31382,0
11575,0
16254,0
8842,0
23612,0
30520,0
5656,0
9447,0
824,0
25636,0
26505,0
11164,0
32187,0
4283,0
18933,0
22954,0
7858,0
15295,0
21773,0
18277,0
10875,0
21813,0
28678,0
26648,0
2162,0
12299,0
65,0
8079,0
30732,0
9326,0
26384,0
1043,0
19914,0
16182,0
23818,0
21417,0
22599,0
21009,0
8254,0
3725,0
19308,0
31659,0
3748,0
4653,0
13025,0
15012,0
9452,0
13046,0
26093,0
14153,0
24320,0
23744,0
27566,0
11439,0
20176,0
31277,0
9695,0
6384,0
1688,0
30678,0
6042,0
22304,0
21338,0
22280,0
13297,0
9985,0
27368,0
3695,0
32722,0
6232,0
14927,0
6147,0
2485,0
14165,0
11454,0
26410,0
5094,0
5331,0
32958,0
3796,0
25532,0
10154,0
19000,0
3338,0
2802,0
5552,0
28803,0
12973,0
29249,0
14918,0
8987,0
28665,0
3887,0
220,0
9210,0
1881,0
5168,0
6210,0
21476,0
3540,0
17859,0
22245,0
11903,0
22474,0
5220,0
17844,0
26686,0
16077,0
18989,0
9174,0
10986,0
31601,0
7668,0
32042,0
20728,0
33138,0
32751,0
16056,0
25910,0
31778,0
30080,0
11281,0
5813,0
19407,0
11504,0
20974,0
30251,0
28357,0
23363,0
25666,0
1086,0
16376,0
9686,0
26729,0
2330,0
23330,0
3717,0
20854,0
3102,0
12839,0
8773,0
18620,0
27696,0
12263,0
17601,0
10876,0
7660,0
20008,0
1786,0
24141,0
30176,0
5937,0
23692,0
28209,0
30012,0
25672,0
17902,0
20256,0
7536,0
3809,0
9241,0
29390,0
24824,0
17403,0
13585,0
12153,0
4813,0
5447,0
7981,0
28345,0
24335,0
25952,0
7994,0
13802,0
24631,0
13092,0
24527,0
18395,0
23597,0
28858,0
4245,0
12849,0
28699,0
13277,0
3355,0
15025,0
11375,0
17208,0
20171,0
20797,0
8671,0
32033,0
5647,0
27995,0
19297,0
22358,0
29852,0
20987,0
18726,0
24992,0
29101,0
13519,0
24121,0
4936,0
20036,0
23385,0
15499,0
384,0
25460,0
18603,0
26099,0
30554,0
24314,0
32728,0
20847,0
2211,0
20668,0
24856,0
32260,0
13890,0
9860,0
20568,0
13391,0
32127,0
10972,0
4933,0
3986,0
26059,0
2868,0
29477,0
981,0
12503,0
26248,0
27578,0
7474,0
14513,0
29197,0
25938,0
23014,0
32378,0
23652,0
32705,0
22578,0
16707,0
23853,0
10567,0
27728,0
26408,0
2848,0
4017,0
19507,0
19707,0
11364,0
10355,0
31864,0
28091,0
1048,0
15347,0
29146,0
9026,0
17711,0
17722,0
16624,0
1973,0
3769,0
31825,0
19131,0
2959,0
9687,0
24106,0
29941,0
29574,0
1462,0
3394,0
4321,0
23005,0
658,0
3227,0
31935,0
18840,0
8181,0
24885,0
22942,0
3087,0
29786,0
30792,0
32219,0
21880,0
1468,0
31751,0
16953,0
27663,0
11557,0
13434,0
5036,0
27433,0
9523,0
8200,0
27850,0
11761,0
20652,0
14582,0
31148,0
17521,0
9044,0
30691,0
33380,0
22752,0
16983,0
25505,0
10482,0
18302,0
24111,0
17238,0
12155,0
10183,0
15050,0
12939,0
13940,0
27208,0
6802,0
6593,0
5881,0
20763,0
10174,0
6354,0
1767,0
15508,0
4493,0
2328,0
32792,0
6918,0
24840,0
10321,0
122,0
22382,0
12356,0
9744,0
17270,0
31145,0
6304,0
7301,0
18838,0
18788,0
8802,0
16656,0
13751,0
14298,0
31062,0
13669,0
25706,0
12648,0
22508,0
11951,0
30074,0
29985,0
16114,0
14262,0
1321,0
23519,0
9817,0
17289,0
11854,0
25245,0
12658,0
15523,0
16425,0
44,0
30585,0
6372,0
29601,0
24278,0
28935,0
26229,0
15275,0
10461,0
20412,0
174,0
6478,0
11618,0
25616,0
26921,0
17797,0
15366,0
24705,0
21612,0
31608,0
25405,0
5011,0
27490,0
29559,0
6403,0
7068,0
12513,0
21583,0
11,0
25561,0
6099,0
1655,0
27960,0
21178,0
636,0
17025,0
19268,0
12427,0
10554,0
23708,0
28241,0
15519,0
26392,0
12057,0
20288,0
17990,0
2730,0
24492,0
32983,0
18714,0
16453,0
28743,0
22413,0
19057,0
16505,0
5996,0
26803,0
7454,0
22040,0
31821,0
16793,0
16945,0
31094,0
17170,0
2260,0
7184,0
1473,0
33341,0
20532,0
17298,0
30716,0
26291,0
17121,0
10115,0
33133,0
7669,0
5063,0
14160,0
10102,0
26012,0
23077,0
27084,0
17003,0
364,0
11482,0
31032,0
9661,0
25903,0
22458,0
30545,0
20047,0
27507,0
18424,0
10295,0
2758,0
2474,0
3099,0
8167,0
19273,0
15265,0
3136,0
30049,0
7221,0
32503,0
27085,0
20605,0
14835,0
20850,0
15811,0
7251,0
31600,0
20813,0
14747,0
17260,0
20330,0
24575,0
1170,0
24291,0
20336,0
27369,0
694,0
3206,0
7054,0
11545,0
16969,0
28414,0
17704,0
16872,0
31688,0
13828,0
13977,0
3827,0
7473,0
12206,0
15492,0
13805,0
15204,0
10291,0
16187,0
9172,0
28338,0
8253,0
12368,0
25115,0
20322,0
28114,0
8374,0
19511,0
19925,0
11920,0
15353,0
16494,0
438,0
15082,0
13786,0
23961,0
7936,0
29442,0
4121,0
30499,0
28527,0
4041,0
10826,0
17080,0
16487,0
11939,0
6887,0
20803,0
32469,0
30400,0
15743,0
7049,0
4409,0
2910,0
12277,0
33170,0
28975,0
17654,0
15926,0
11779,0
386,0
17418,0
31888,0
6046,0
12013,0
29824,0
6014,0
22930,0
25618,0
17032,0
29150,0
12893,0
13746,0
3612,0
16361,0
15767,0
8130,0
26901,0
15996,0
8572,0
18637,0
1747,0
29535,0
3393,0
14125,0
31439,0
29226,0
22049,0
20698,0
19301,0
10070,0
135,0
2108,0
1756,0
23483,0
28934,0
19528,0
2361,0
24731,0
1762,0
455,0
30289,0
13720,0
7842,0
16243,0
11092,0
3222,0
8580,0
33163,0
31727,0
1455,0
3940,0
16509,0
1539,0
18040,0
6664,0
17715,0
313,0
26156,0
5439,0
29853,0
16730,0
15591,0
28052,0
13765,0
31309,0
15308,0
12945,0
26217,0
16327,0
31857,0
29224,0
6170,0
3950,0
30798,0
19306,0
17534,0
1005,0
3024,0
23925,0
29380,0
8317,0
19800,0
17987,0
3623,0
23625,0
18249,0
12300,0
1972,0
16933,0
13007,0
4722,0
12411,0
7498,0
17731,0
30121,0
29895,0
28443,0
15733,0
30305,0
24033,0
9035,0
4145,0
13212,0
25448,0
21693,0
26546,0
1212,0
6766,0
7205,0
25946,0
31457,0
30528,0
11213,0
6293,0
19274,0
24918,0
22087,0
7471,0
28747,0
25437,0
23890,0
7629,0
28207,0
33017,0
33031,0
10085,0
15191,0
20417,0
4323,0
32651,0
10216,0
7421,0
3716,0
31567,0
25412,0
33172,0
27114,0
27366,0
29875,0
11480,0
8171,0
26682,0
5053,0
2820,0
1999,0
29870,0
32779,0
29084,0
25996,0
29741,0
28691,0
12088,0
15261,0
15040,0
503,0
27360,0
609,0
6090,0
20871,0
11098,0
26251,0
14559,0
22167,0
31058,0
15172,0
29780,0
30858,0
2313,0
6429,0
6265,0
15675,0
23117,0
12679,0
18725,0
10671,0
11753,0
18457,0
20653,0
9845,0
31138,0
17409,0
25940,0
17149,0
16644,0
12099,0
30954,0
8704,0
15624,0
2548,0
2749,0
1791,0
22396,0
29406,0
31972,0
15555,0
27852,0
1732,0
1386,0
21254,0
11450,0
14748,0
23342,0
13905,0
1075,0
1368,0
8503,0
1221,0
26274,0
1533,0
30819,0
32367,0
33238,0
28908,0
30553,0
119,0
3064,0
20014,0
22860,0
14055,0
17573,0
22543,0
15335,0
29247,0
29258,0
32482,0
25869,0
8395,0
32237,0
6235,0
11428,0
27256,0
6428,0
5231,0
3626,0
24603,0
22321,0
12911,0
12547,0
13692,0
12629,0
22884,0
5080,0
10992,0
28659,0
2059,0
25009,0
20890,0
16855,0
7024,0
27095,0
10228,0
10753,0
2140,0
558,0
10051,0
10415,0
16559,0
29174,0
25091,0
32310,0
12754,0
26523,0
31562,0
22019,0
1024,0
21776,0
21419,0
907,0
29387,0
14076,0
6240,0
32743,0
29871,0
17310,0
9217,0
32737,0
7246,0
5481,0
26867,0
18507,0
10605,0
25343,0
21665,0
10269,0
32434,0
21285,0
24007,0
4526,0
5321,0
7657,0
17897,0
22114,0
25594,0
27757,0
18821,0
17407,0
20043,0
25710,0
23975,0
10534,0
25447,0
26381,0
11060,0
11243,0
30741,0
1044,0
19249,0
28976,0
6526,0
16469,0
19732,0
19743,0
20377,0
27923,0
5792,0
19802,0
6588,0
14803,0
6313,0
5452,0
20448,0
4267,0
13889,0
2194,0
3279,0
23901,0
13719,0
10521,0
29260,0
18075,0
10821,0
31459,0
25058,0
5308,0
2888,0
19684,0
2767,0
5352,0
32195,0
8347,0
11429,0
25944,0
23960,0
23847,0
30016,0
639,0
24239,0
14842,0
30029,0
18041,0
23782,0
32238,0
12781,0
16956,0
28726,0
7739,0
28977,0
753,0
19012,0
31569,0
19022,0
6156,0
20806,0
2369,0
28403,0
32073,0
32760,0
15301,0
22956,0
17519,0
17639,0
33210,0
2780,0
15528,0
2698,0
3267,0
20957,0
28105,0
19898,0
7191,0
20294,0
70,0
21157,0
32742,0
31446,0
27218,0
33310,0
3235,0
21960,0
22966,0
32355,0
25271,0
31798,0
11147,0
23956,0
2227,0
16095,0
2685,0
343,0
3387,0
17436,0
12397,0
12619,0
16762,0
15097,0
20194,0
18720,0
23974,0
22492,0
24907,0
25957,0
29911,0
6676,0
9448,0
6631,0
4687,0
18924,0
29599,0
29050,0
21585,0
32939,0
28307,0
14361,0
1845,0
4124,0
29264,0
3294,0
32363,0
10946,0
8034,0
27178,0
21078,0
1833,0
32252,0
21382,0
25974,0
12121,0
19047,0
877,0
30256,0
1814,0
28148,0
11122,0
18076,0
12217,0
13911,0
28974,0
18051,0
8883,0
7929,0
20818,0
1008,0
24574,0
31022,0
18523,0
30026,0
26745,0
16027,0
30511,0
26140,0
10883,0
3029,0
5493,0
20228,0
14377,0
2179,0
7234,0
28517,0
27492,0
17417,0
27064,0
28567,0
17624,0
6071,0
23801,0
28150,0
9389,0
15957,0
18147,0
3367,0
29898,0
21106,0
7604,0
12173,0
18520,0
12231,0
8828,0
12877,0
12327,0
14431,0
2992,0
12418,0
30415,0
24263,0
1083,0
21996,0
5950,0
9698,0
26762,0
1856,0
15289,0
23676,0
30988,0
9957,0
25707,0
14141,0
3556,0
21621,0
2800,0
10820,0
30112,0
28359,0
25495,0
13487,0
21596,0
6690,0
7436,0
12086,0
6790,0
15031,0
15515,0
32275,0
21603,0
4877,0
15959,0
7886,0
81,0
29515,0
1305,0
13503,0
30515,0
26844,0
5972,0
17996,0
24917,0
24758,0
2903,0
28739,0
1241,0
16144,0
25366,0
11474,0
600,0
32423,0
13687,0
25356,0
9650,0
24990,0
27087,0
15431,0
16069,0
29865,0
4574,0
14302,0
20533,0
4040,0
2526,0
12103,0
11173,0
19824,0
10347,0
3913,0
9396,0
33302,0
5851,0
11107,0
19098,0
27785,0
27668,0
3688,0
7750,0
20229,0
28941,0
1105,0
6222,0
5256,0
30070,0
19367,0
3512,0
33315,0
1477,0
5824,0
25796,0
18237,0
1585,0
3426,0
9406,0
19187,0
16878,0
11690,0
7896,0
27535,0
31067,0
22070,0
12700,0
5224,0
15287,0
23068,0
24361,0
31558,0
5223,0
10987,0
27677,0
16301,0
9765,0
25711,0
9869,0
29206,0
3415,0
29715,0
28075,0
10338,0
31631,0
4710,0
23377,0
25550,0
8518,0
26412,0
32425,0
21995,0
10866,0
9054,0
23291,0
17284,0
5469,0
23868,0
32220,0
16938,0
16825,0
27462,0
32674,0
8166,0
17128,0
19716,0
14838,0
420,0
13662,0
28426,0
1609,0
7970,0
352,0
18467,0
30695,0
27788,0
18803,0
21165,0
31143,0
6898,0
27704,0
26262,0
25853,0
6269,0
30797,0
17881,0
26610,0
13512,0
16381,0
10056,0
28017,0
905,0
22239,0
32361,0
16556,0
22815,0
33250,0
18054,0
24772,0
11301,0
23104,0
17805,0
25582,0
29233,0
31512,0
6557,0
27183,0
7868,0
25240,0
7236,0
15321,0
6852,0
9468,0
356,0
8935,0
19216,0
17150,0
33092,0
17907,0
16015,0
5103,0
8857,0
28618,0
26382,0
22381,0
15921,0
2997,0
24281,0
17790,0
3481,0
2217,0
28667,0
7757,0
13845,0
24671,0
20301,0
30772,0
19109,0
16581,0
24559,0
759,0
15422,0
17441,0
11266,0
30011,0
14195,0
7916,0
2181,0
20135,0
2882,0
9060,0
10540,0
11821,0
18858,0
11989,0
4809,0
14913,0
19608,0
9080,0
22917,0
24557,0
31909,0
12641,0
24713,0
22466,0
20898,0
32410,0
25643,0
32794,0
13393,0
7026,0
23278,0
27804,0
20317,0
30303,0
17186,0
9879,0
10648,0
19500,0
17256,0
12078,0
19302,0
8059,0
25830,0
26875,0
11312,0
32256,0
23839,0
26105,0
12608,0
26890,0
17510,0
26877,0
7082,0
12497,0
16616,0
3959,0
12518,0
23231,0
17057,0
18058,0
31610,0
17489,0
20252,0
33193,0
4697,0
18048,0
22790,0
27271,0
10860,0
1551,0
9534,0
26123,0
6533,0
27882,0
3071,0
9279,0
13129,0
4031,0
24459,0
10380,0
8290,0
14704,0
27149,0
23703,0
1101,0
11604,0
28362,0
3514,0
2834,0
9944,0
29975,0
21053,0
2412,0
6047,0
24348,0
15406,0
9984,0
18113,0
20251,0
2559,0
31858,0
2237,0
2985,0
8493,0
19387,0
10931,0
17530,0
25420,0
31580,0
17798,0
14517,0
19173,0
32769,0
23681,0
15696,0
21197,0
18402,0
22455,0
32131,0
7404,0
4684,0
13240,0
13205,0
25482,0
20589,0
7710,0
8697,0
25125,0
506,0
24461,0
10193,0
5421,0
28062,0
8313,0
7083,0
10264,0
3776,0
30813,0
2842,0
3981,0
13691,0
14305,0
10906,0
10610,0
31745,0
4444,0
23239,0
25733,0
11997,0
28472,0
21628,0
252,0
16510,0
2701,0
30993,0
27406,0
25228,0
32081,0
14951,0
19940,0
19539,0
23051,0
4155,0
19476,0
722,0
30205,0
24522,0
2549,0
9186,0
29755,0
27747,0
30995,0
20387,0
27204,0
8274,0
10494,0
10388,0
32715,0
2832,0
23842,0
9472,0
28525,0
5098,0
3653,0
10864,0
25424,0
14960,0
410,0
31637,0
1906,0
21085,0
17359,0
26269,0
19851,0
29021,0
16924,0
29820,0
26860,0
15220,0
272,0
26555,0
22892,0
5269,0
3650,0
940,0
30937,0
18062,0
16242,0
13029,0
26839,0
5435,0
25724,0
24663,0
18168,0
17294,0
14040,0
4866,0
16313,0
3949,0
27197,0
23012,0
12129,0
20816,0
23217,0
24237,0
17107,0
3475,0
2365,0
32144,0
13316,0
13850,0
29982,0
18673,0
18080,0
32011,0
26335,0
18269,0
32143,0
1484,0
15790,0
17358,0
9049,0
12762,0
15175,0
28793,0
25562,0
2560,0
14587,0
7010,0
6844,0
18670,0
5,0
9128,0
33337,0
6336,0
4576,0
20642,0
26674,0
27165,0
6670,0
11180,0
2117,0
35,0
15360,0
19383,0
7261,0
3846,0
22444,0
1190,0
13668,0
14990,0
1600,0
10211,0
10727,0
30454,0
27958,0
10310,0
31978,0
15804,0
12968,0
10165,0
31401,0
30244,0
3230,0
12691,0
26881,0
10368,0
26514,0
28560,0
8315,0
28650,0
17148,0
15835,0
32639,0
1301,0
9238,0
2543,0
13588,0
15903,0
27246,0
11284,0
11414,0
19393,0
15260,0
10335,0
13225,0
10205,0
27221,0
26906,0
15919,0
9052,0
2206,0
760,0
24326,0
29232,0
7656,0
13743,0
15952,0
276,0
8950,0
26479,0
4540,0
29073,0
3720,0
10702,0
30880,0
5164,0
28795,0
3108,0
26161,0
693,0
22816,0
25754,0
31503,0
23936,0
31462,0
3724,0
6754,0
11112,0
7014,0
7150,0
21062,0
16586,0
28330,0
10780,0
32462,0
31605,0
21980,0
17509,0
1817,0
31805,0
29935,0
4104,0
17571,0
6185,0
28344,0
31965,0
29454,0
19575,0
23828,0
23798,0
7502,0
12318,0
28746,0
15553,0
25705,0
17939,0
20141,0
28138,0
20674,0
27981,0
1502,0
26061,0
15614,0
22825,0
29934,0
15052,0
18548,0
26570,0
30830,0
12477,0
3444,0
28115,0
28234,0
15850,0
30496,0
29862,0
31971,0
10337,0
15080,0
9107,0
17668,0
2747,0
25846,0
21405,0
2829,0
4757,0
11655,0
31323,0
32271,0
25352,0
17870,0
12783,0
16375,0
10416,0
10045,0
5141,0
6662,0
3251,0
28421,0
21554,0
6013,0
5732,0
3480,0
13804,0
32681,0
6629,0
8348,0
14221,0
17187,0
19600,0
10538,0
3396,0
10844,0
5652,0
21994,0
21716,0
17044,0
26540,0
24623,0
3957,0
11265,0
14843,0
2766,0
21385,0
8877,0
7303,0
2719,0
26007,0
5327,0
11686,0
8123,0
31146,0
17388,0
29760,0
2629,0
7116,0
14130,0
30010,0
16365,0
17406,0
8222,0
19464,0
17093,0
6518,0
33376,0
23813,0
11053,0
2252,0
15439,0
3851,0
13948,0
22220,0
16501,0
7493,0
11374,0
3625,0
23630,0
24152,0
30500,0
3735,0
4239,0
9539,0
10382,0
8927,0
8729,0
13504,0
111,0
2638,0
20727,0
13992,0
15752,0
12688,0
25593,0
30970,0
8402,0
12690,0
10892,0
1267,0
28047,0
2232,0
18278,0
10202,0
444,0
6074,0
33362,0
21567,0
7839,0
21884,0
27352,0
19609,0
12236,0
13035,0
22219,0
5516,0
17255,0
2264,0
19258,0
14036,0
33176,0
32012,0
28412,0
20613,0
21560,0
26214,0
5267,0
14136,0
27653,0
6577,0
23825,0
29480,0
3495,0
26250,0
30493,0
198,0
15399,0
30054,0
31890,0
19874,0
15857,0
9961,0
27070,0
22689,0
30368,0
20703,0
32213,0
8533,0
31456,0
4598,0
6276,0
15588,0
681,0
17732,0
3667,0
11462,0
28246,0
31364,0
26624,0
4140,0
11183,0
15825,0
30482,0
800,0
24440,0
4050,0
5260,0
14677,0
17366,0
4960,0
13133,0
16491,0
2514,0
21750,0
21207,0
6820,0
20467,0
491,0
8265,0
55,0
22196,0
22134,0
25837,0
27984,0
31737,0
31960,0
24452,0
21193,0
6449,0
2651,0
3022,0
21957,0
10300,0
9177,0
26935,0
15854,0
33356,0
32467,0
15738,0
23094,0
118,0
22285,0
13700,0
9973,0
361,0
26153,0
28491,0
14549,0
1782,0
332,0
17727,0
5474,0
262,0
9188,0
24460,0
23584,0
13150,0
31178,0
5887,0
31482,0
27914,0
24789,0
3174,0
23618,0
26074,0
27875,0
3694,0
25002,0
20158,0
18817,0
20315,0
21401,0
15692,0
12317,0
10918,0
29651,0
18554,0
20858,0
16257,0
27602,0
19517,0
4505,0
10157,0
9235,0
11798,0
12511,0
29426,0
28672,0
32340,0
16749,0
33268,0
19943,0
23755,0
8135,0
8077,0
13455,0
23085,0
10190,0
20351,0
24302,0
6608,0
20127,0
4204,0
6389,0
27222,0
13288,0
30042,0
12035,0
692,0
16817,0
23877,0
27567,0
21307,0
5915,0
4678,0
27079,0
26434,0
14482,0
13149,0
4340,0
18056,0
27619,0
28066,0
6066,0
28601,0
28714,0
23482,0
10643,0
18382,0
25357,0
12525,0
22113,0
19832,0
11050,0
6128,0
18195,0
5317,0
14382,0
32895,0
22623,0
10376,0
12721,0
19628,0
6505,0
7469,0
14820,0
20218,0
7306,0
30288,0
4859,0
26177,0
25296,0
10974,0
7138,0
3457,0
4927,0
24737,0
32025,0
5348,0
17948,0
32206,0
28093,0
29418,0
1851,0
23929,0
13679,0
28966,0
8894,0
20162,0
32931,0
7340,0
30139,0
13870,0
12746,0
2879,0
26456,0
28926,0
26796,0
10654,0
11436,0
23545,0
3687,0
16506,0
33266,0
32934,0
17455,0
32116,0
27533,0
17152,0
29397,0
21553,0
9319,0
28261,0
9108,0
28891,0
18789,0
24390,0
4376,0
17569,0
22267,0
14930,0
20520,0
7980,0
3288,0
11499,0
25913,0
12425,0
28104,0
21242,0
29837,0
27474,0
16303,0
15810,0
12822,0
8400,0
24301,0
11003,0
24545,0
6990,0
29285,0
20626,0
11198,0
138,0
29548,0
25419,0
22869,0
24986,0
10458,0
32062,0
12090,0
3907,0
4207,0
22288,0
3820,0
32995,0
1590,0
25198,0
13184,0
17641,0
28174,0
15717,0
3569,0
6470,0
10393,0
16433,0
30852,0
130,0
14911,0
16950,0
27047,0
2865,0
4030,0
792,0
9329,0
1417,0
17004,0
25545,0
27310,0
22126,0
30612,0
15617,0
3935,0
22685,0
29357,0
28628,0
10221,0
4254,0
9084,0
26977,0
30920,0
15932,0
6849,0
1743,0
26986,0
13433,0
18724,0
29308,0
17911,0
6254,0
21412,0
28205,0
5949,0
8036,0
16958,0
16120,0
28796,0
29292,0
19194,0
17432,0
19120,0
6529,0
21403,0
26874,0
28983,0
21116,0
8148,0
13073,0
2843,0
29617,0
31155,0
1822,0
13086,0
18576,0
24637,0
5692,0
13226,0
17378,0
23546,0
19781,0
1982,0
13484,0
28429,0
29437,0
31682,0
3467,0
24823,0
30324,0
14188,0
23372,0
668,0
936,0
28157,0
2914,0
16094,0
3269,0
2845,0
10593,0
27119,0
21867,0
8676,0
9308,0
30323,0
5041,0
11171,0
25441,0
8796,0
3343,0
4714,0
9349,0
19112,0
8672,0
4462,0
23882,0
6960,0
32170,0
19852,0
14044,0
14061,0
11211,0
24819,0
24834,0
9515,0
4983,0
5774,0
21967,0
31794,0
1029,0
12566,0
21180,0
29779,0
23753,0
2564,0
29100,0
20503,0
28896,0
29268,0
21063,0
2389,0
29164,0
28988,0
24943,0
7867,0
18194,0
7274,0
1606,0
17227,0
23044,0
27486,0
10827,0
4218,0
26843,0
20937,0
12984,0
22484,0
31532,0
21418,0
1954,0
12441,0
1671,0
9123,0
11717,0
18770,0
22286,0
27560,0
1389,0
18,0
14798,0
23111,0
11866,0
11034,0
32228,0
4339,0
11885,0
7772,0
15818,0
25530,0
25742,0
15595,0
11928,0
12131,0
17823,0
9434,0
24659,0
10922,0
27003,0
16862,0
8261,0
17371,0
15872,0
23367,0
26348,0
25674,0
29879,0
10404,0
8173,0
2670,0
13808,0
30711,0
22871,0
29167,0
3015,0
28185,0
26639,0
25407,0
8687,0
26300,0
33289,0
26818,0
10247,0
4366,0
8456,0
13245,0
24076,0
17874,0
17513,0
32069,0
11540,0
13411,0
6669,0
32297,0
31255,0
24639,0
26788,0
8727,0
2646,0
21877,0
31787,0
22082,0
30514,0
5735,0
31086,0
19481,0
10586,0
30594,0
5013,0
24609,0
1640,0
13289,0
10096,0
3082,0
999,0
15468,0
24962,0
31902,0
2741,0
7365,0
11738,0
21893,0
8504,0
22348,0
32309,0
11383,0
20836,0
4891,0
6479,0
24226,0
15020,0
24931,0
18844,0
19741,0
11856,0
14473,0
27932,0
15822,0
9603,0
21151,0
17404,0
31581,0
9872,0
12519,0
8782,0
15884,0
17203,0
33015,0
20124,0
25799,0
18370,0
7307,0
26357,0
33066,0
8496,0
6422,0
23888,0
31502,0
17781,0
3334,0
32148,0
10057,0
3060,0
11843,0
5755,0
23099,0
28418,0
17098,0
6390,0
20439,0
24100,0
4585,0
23154,0
16217,0
16968,0
7583,0
8490,0
25841,0
11666,0
3682,0
11893,0
6380,0
16935,0
2357,0
13562,0
26551,0
14688,0
18404,0
3918,0
23579,0
1897,0
16778,0
13298,0
12092,0
15002,0
10365,0
26643,0
31910,0
2807,0
26173,0
13268,0
33126,0
14864,0
1228,0
30637,0
6007,0
19282,0
17360,0
17014,0
16842,0
23715,0
25123,0
10916,0
1013,0
1313,0
30405,0
980,0
1883,0
26559,0
12267,0
27643,0
670,0
6543,0
12753,0
14652,0
16478,0
17261,0
25519,0
5995,0
6965,0
4259,0
30794,0
29861,0
14546,0
1340,0
19084,0
31529,0
25887,0
2793,0
31592,0
15003,0
26650,0
26838,0
9882,0
1229,0
12770,0
29594,0
1753,0
23704,0
23859,0
32439,0
4007,0
26387,0
22331,0
3545,0
24946,0
12149,0
17671,0
26383,0
2497,0
22763,0
4994,0
7143,0
8992,0
16480,0
33339,0
2711,0
9571,0
19796,0
26259,0
16575,0
31786,0
1831,0
20950,0
13540,0
10270,0
18526,0
11517,0
7829,0
672,0
32818,0
17816,0
26913,0
10170,0
25189,0
1672,0
32940,0
16416,0
6401,0
32527,0
32831,0
29125,0
12329,0
4587,0
29166,0
9463,0
27527,0
12176,0
490,0
14129,0
26346,0
29148,0
26929,0
17916,0
30192,0
9249,0
7415,0
29508,0
4784,0
14700,0
20895,0
10910,0
19325,0
24656,0
4275,0
31653,0
13922,0
14186,0
29674,0
29415,0
19252,0
8017,0
22034,0
25875,0
29798,0
8575,0
7285,0
1259,0
14093,0
18439,0
15721,0
32933,0
1820,0
3814,0
3654,0
16435,0
26891,0
33084,0
31638,0
31736,0
13138,0
31642,0
18489,0
11526,0
28134,0
4632,0
5875,0
23361,0
11226,0
25399,0
20712,0
29265,0
29692,0
3942,0
25907,0
6726,0
30292,0
26951,0
22485,0
30393,0
4432,0
2916,0
16038,0
13024,0
9115,0
13766,0
8198,0
809,0
28453,0
6788,0
16139,0
17145,0
6443,0
10801,0
12869,0
1861,0
30667,0
32459,0
15283,0
28838,0
33298,0
31842,0
3615,0
20465,0
6987,0
3332,0
12563,0
26777,0
31109,0
12848,0
11344,0
23657,0
23341,0
26332,0
8741,0
7937,0
7445,0
23604,0
18008,0
30938,0
19087,0
30802,0
30085,0
6001,0
16456,0
2956,0
2061,0
5042,0
31670,0
8091,0
15518,0
18849,0
21234,0
5900,0
13794,0
29793,0
15607,0
22984,0
30092,0
9995,0
18943,0
19424,0
4232,0
19254,0
18536,0
18069,0
13913,0
31354,0
18184,0
19904,0
32140,0
10672,0
11373,0
32298,0
15274,0
10081,0
23714,0
2511,0
13005,0
7640,0
109,0
5748,0
17656,0
29157,0
10505,0
4344,0
25723,0
21552,0
26662,0
22946,0
15501,0
23711,0
31394,0
21149,0
19007,0
18859,0
21895,0
7924,0
10744,0
14680,0
16609,0
17470,0
8307,0
25229,0
10180,0
6161,0
3977,0
15612,0
7832,0
20440,0
6850,0
21295,0
5221,0
9220,0
6455,0
23856,0
7302,0
156,0
7899,0
23573,0
18295,0
31731,0
14317,0
22476,0
17767,0
28297,0
16610,0
15972,0
17517,0
11338,0
30034,0
10800,0
19798,0
3744,0
17536,0
12132,0
10200,0
20434,0
9475,0
25743,0
25929,0
1131,0
24004,0
7716,0
5895,0
12095,0
23760,0
11697,0
2443,0
2095,0
6097,0
11142,0
17663,0
1422,0
27656,0
24944,0
10746,0
25613,0
13881,0
20726,0
13919,0
17937,0
29087,0
18952,0
29000,0
33118,0
7667,0
12393,0
13697,0
5135,0
1090,0
16754,0
19664,0
16642,0
15513,0
10545,0
30616,0
12966,0
8553,0
29261,0
16533,0
15063,0
13353,0
17873,0
29366,0
29032,0
1760,0
25208,0
20177,0
20600,0
27956,0
30709,0
11186,0
26273,0
29856,0
3360,0
28755,0
26781,0
23872,0
1102,0
26574,0
11749,0
31735,0
21173,0
8224,0
30850,0
9371,0
13210,0
28193,0
27015,0
16993,0
3533,0
27466,0
5409,0
19083,0
31090,0
9101,0
16502,0
8769,0
32382,0
31357,0
9798,0
29679,0
25916,0
396,0
23810,0
25270,0
24266,0
30944,0
12045,0
2239,0
23109,0
12243,0
2960,0
4487,0
9427,0
29090,0
1538,0
28915,0
21551,0
25150,0
10872,0
13991,0
33049,0
26627,0
7211,0
24629,0
11052,0
1998,0
15215,0
14485,0
2355,0
27897,0
10832,0
22371,0
27678,0
5606,0
18045,0
17789,0
17063,0
30825,0
12279,0
16508,0
27555,0
142,0
28021,0
33147,0
22728,0
9147,0
30339,0
22014,0
29945,0
17010,0
606,0
24807,0
10028,0
5916,0
18951,0
4,0
15246,0
4475,0
30978,0
7523,0
26619,0
8035,0
20947,0
28704,0
5070,0
21517,0
674,0
6528,0
25810,0
31898,0
22693,0
20842,0
7350,0
24373,0
30600,0
23485,0
31399,0
28847,0
25669,0
7004,0
16201,0
27232,0
2686,0
19320,0
22512,0
624,0
5003,0
15985,0
1122,0
8199,0
17665,0
1603,0
21640,0
3062,0
3023,0
3126,0
30615,0
15954,0
2200,0
12918,0
29821,0
15449,0
26494,0
19364,0
13084,0
13018,0
8384,0
26233,0
11851,0
3762,0
12429,0
2986,0
15386,0
3042,0
14744,0
10998,0
24592,0
14974,0
14479,0
29080,0
2144,0
9779,0
29145,0
4302,0
27671,0
31290,0
6015,0
23845,0
24694,0
11748,0
18178,0
9836,0
28568,0
2541,0
30694,0
16569,0
20493,0
9890,0
11940,0
31251,0
30447,0
3336,0
2301,0
14270,0
20305,0
25361,0
26659,0
12458,0
2069,0
106,0
30839,0
29359,0
15119,0
4507,0
25930,0
22822,0
4886,0
28471,0
2647,0
20649,0
5530,0
32814,0
28789,0
11354,0
9162,0
11962,0
9885,0
14890,0
15043,0
31711,0
4665,0
31873,0
15060,0
31741,0
5722,0
26765,0
2391,0
8540,0
20864,0
15410,0
29163,0
20386,0
27638,0
19376,0
15058,0
417,0
23636,0
20881,0
20313,0
33307,0
11670,0
30248,0
22176,0
6915,0
30592,0
25648,0
25568,0
15597,0
28559,0
18561,0
14071,0
9921,0
9183,0
19064,0
1396,0
21164,0
24371,0
2939,0
26141,0
14682,0
28923,0
31015,0
11635,0
25500,0
14706,0
7878,0
5245,0
24602,0
32522,0
23913,0
14607,0
8906,0
4182,0
2504,0
3384,0
28392,0
28585,0
17031,0
31390,0
18498,0
20639,0
14531,0
11288,0
28212,0
4624,0
15715,0
1524,0
4020,0
12696,0
13554,0
28894,0
9758,0
922,0
1145,0
21599,0
32427,0
23626,0
27340,0
16470,0
20901,0
26394,0
8909,0
5908,0
12864,0
9697,0
10734,0
26832,0
19552,0
4644,0
543,0
21284,0
27611,0
3348,0
19869,0
14213,0
18151,0
13800,0
19618,0
19142,0
11238,0
24674,0
1793,0
33336,0
32154,0
14060,0
25439,0
33296,0
13909,0
16511,0
15209,0
19497,0
1262,0
3477,0
4411,0
23395,0
33311,0
9992,0
10730,0
21287,0
22827,0
10674,0
13311,0
20878,0
4951,0
30950,0
28600,0
16979,0
787,0
20310,0
27621,0
17355,0
2134,0
8275,0
12931,0
683,0
9290,0
22847,0
8637,0
15370,0
19191,0
6685,0
12193,0
30902,0
29151,0
4705,0
7724,0
461,0
31320,0
14558,0
6247,0
4351,0
30266,0
26507,0
16986,0
27261,0
25268,0
17766,0
24573,0
3737,0
11467,0
28023,0
3224,0
32691,0
6436,0
11819,0
9129,0
7457,0
28404,0
16794,0
8936,0
30239,0
22562,0
28199,0
31261,0
23236,0
27100,0
7866,0
10668,0
15122,0
2338,0
3613,0
4922,0
13774,0
20420,0
3953,0
11699,0
679,0
23940,0
14984,0
11039,0
22523,0
28322,0
15015,0
2384,0
380,0
31837,0
28154,0
11279,0
14459,0
346,0
31491,0
31287,0
30411,0
28852,0
7815,0
2991,0
3861,0
26761,0
31515,0
11820,0
22067,0
2702,0
17251,0
5856,0
1641,0
25298,0
25174,0
22064,0
26098,0
19613,0
20510,0
15759,0
29402,0
2507,0
11633,0
1931,0
25134,0
21873,0
31263,0
19496,0
11298,0
3142,0
25260,0
10698,0
31589,0
26582,0
24994,0
22048,0
21536,0
8682,0
2968,0
16818,0
20865,0
8460,0
32092,0
22852,0
17672,0
11988,0
12993,0
28100,0
4527,0
23850,0
22981,0
3412,0
775,0
19959,0
3837,0
31789,0
1595,0
31595,0
20328,0
15420,0
22190,0
8764,0
29372,0
31478,0
10704,0
31121,0
11547,0
21158,0
33161,0
14088,0
10609,0
29905,0
28129,0
27808,0
23474,0
12184,0
2750,0
14380,0
6836,0
4287,0
16335,0
22227,0
2197,0
33068,0
22771,0
26439,0
7975,0
31195,0
27519,0
15603,0
9567,0
18941,0
3290,0
18614,0
27763,0
24868,0
15836,0
13892,0
13160,0
17853,0
19178,0
7489,0
26684,0
33047,0
7197,0
2664,0
1940,0
8090,0
9886,0
13934,0
14349,0
22840,0
4464,0
18753,0
4724,0
10196,0
31102,0
27591,0
23285,0
24949,0
15821,0
10533,0
10520,0
11368,0
9155,0
13102,0
29428,0
18765,0
21001,0
8852,0
22405,0
11507,0
9809,0
15584,0
4751,0
13135,0
27280,0
5997,0
18908,0
10156,0
29644,0
21557,0
28455,0
22432,0
25068,0
13238,0
33224,0
20329,0
4789,0
6489,0
1384,0
4084,0
16617,0
31862,0
534,0
8179,0
19470,0
14973,0
10787,0
19926,0
12827,0
9959,0
32402,0
25451,0
22699,0
31505,0
3705,0
4054,0
22420,0
21183,0
24673,0
16220,0
11422,0
19317,0
5993,0
996,0
23415,0
3753,0
27888,0
2692,0
2779,0
19475,0
30483,0
33213,0
14570,0
3877,0
24439,0
22949,0
29528,0
8851,0
9660,0
3094,0
4191,0
8006,0
22547,0
32005,0
26822,0
1925,1
5536,1
17235,1
6310,1
879,1
30999,1
7652,1
5413,1
11056,1
15796,1
17343,1
8287,1
1065,1
5749,1
24408,1
33260,1
1192,1
9166,1
1785,1
19825,1
11595,1
1867,1
16427,1
19984,1
27733,1
9117,1
5122,1
32023,1
19875,1
23196,1
2521,1
17544,1
402,1
8834,1
6668,1
30845,1
19645,1
17768,1
20697,1
29790,1
28400,1
32628,1
23965,1
14527,1
20220,1
7762,1
21368,1
124,1
16974,1
17087,1
11908,1
12958,1
18993,1
4406,1
19337,1
2032,1
10036,1
280,1
33197,1
6495,1
3184,1
31698,1
13276,1
17461,1
5419,1
14381,1
618,1
23862,1
21322,1
28546,1
27791,1
20741,1
32785,1
19503,1
10293,1
2198,1
8675,1
5734,1
29288,1
30703,1
11727,1
22427,1
23611,1
7624,1
19568,1
31904,1
574,1
9030,1
25884,1
10181,1
29522,1
30269,1
1057,1
13923,1
23680,1
9932,1
14550,1
3632,1
19180,1
31237,1
11964,1
910,1
12847,1
12319,1
21508,1
8549,1
6910,1
28263,1
28825,1
23559,1
28835,1
23069,1
16421,1
19214,1
10938,1
19458,1
19697,1
15089,1
23365,1
1573,1
4807,1
3591,1
25898,1
11149,1
1804,1
2974,1
24236,1
32820,1
16549,1
2316,1
18355,1
24042,1
7892,1
19339,1
30909,1
33271,1
9942,1
26831,1
24886,1
33215,1
22401,1
15473,1
14521,1
25111,1
19592,1
30082,1
17586,1
4241,1
28738,1
18435,1
21543,1
8840,1
26046,1
8705,1
28993,1
26333,1
16273,1
17687,1
14335,1
31470,1
20223,1
1144,1
32189,1
25968,1
1184,1
7765,1
23131,1
565,1
18549,1
7655,1
25430,1
27660,1
21075,1
6020,1
10005,1
23092,1
14819,1
30487,1
7828,1
15572,1
6810,1
29347,1
32357,1
23392,1
20112,1
24567,1
9099,1
24232,1
2353,1
24782,1
14463,1
28019,1
29991,1
18137,1
9813,1
10649,1
32002,1
21304,1
18297,1
31455,1
30017,1
20598,1
972,1
13729,1
638,1
27836,1
1911,1
32261,1
11010,1
10084,1
21205,1
24409,1
12938,1
5598,1
9750,1
30927,1
14959,1
24221,1
7643,1
8717,1
30552,1
11030,1
15290,1
14578,1
7181,1
5270,1
1830,1
3860,1
9140,1
4176,1
17522,1
32071,1
11713,1
27359,1
17863,1
15894,1
9088,1
24256,1
25346,1
20557,1
32945,1
17556,1
28226,1
15323,1
24496,1
21537,1
3539,1
25863,1
11292,1
8635,1
6559,1
17232,1
22721,1
32685,1
15363,1
27963,1
31289,1
29776,1
32458,1
10326,1
13438,1
22897,1
12396,1
22209,1
22540,1
10638,1
10373,1
8794,1
17994,1
31137,1
1809,1
23328,1
1815,1
26846,1
26388,1
11894,1
7016,1
1829,1
28417,1
12937,1
21674,1
21977,1
9008,1
29490,1
25350,1
18234,1
21252,1
14007,1
30337,1
5637,1
2202,1
11192,1
5200,1
9741,1
20393,1
5679,1
18224,1
21458,1
26239,1
31160,1
18948,1
32900,1
16735,1
18742,1
28538,1
27929,1
20962,1
1567,1
2478,1
31365,1
1306,1
27737,1
26445,1
26326,1
19091,1
13932,1
18284,1
5310,1
19859,1
6896,1
10281,1
29313,1
26573,1
23530,1
32442,1
30558,1
25187,1
30206,1
29451,1
19586,1
2878,1
15334,1
4608,1
13256,1
32759,1
1006,1
10463,1
11780,1
213,1
24034,1
15413,1
24327,1
28952,1
24788,1
23499,1
27132,1
25815,1
32754,1
3652,1
25141,1
12922,1
16687,1
6140,1
8882,1
15042,1
25765,1
17395,1
24062,1
28856,1
19452,1
4699,1
1204,1
4455,1
13563,1
13835,1
15146,1
30636,1
17674,1
27134,1
22020,1
18002,1
26409,1
20450,1
4929,1
7675,1
25433,1
9606,1
12510,1
16939,1
755,1
28127,1
6110,1
19597,1
10286,1
32730,1
26588,1
9721,1
5836,1
8543,1
25858,1
12102,1
29130,1
1888,1
31055,1
17237,1
23181,1
14823,1
15647,1
27712,1
18655,1
31132,1
544,1
27299,1
24933,1
29971,1
11660,1
13339,1
29925,1
12634,1
1294,1
28979,1
1673,1
29838,1
26667,1
16109,1
22554,1
26691,1
10656,1
4900,1
31020,1
26641,1
20039,1
19251,1
19482,1
5426,1
27320,1
29815,1
30140,1
6011,1
30561,1
31081,1
29324,1
231,1
18475,1
8249,1
32570,1
4367,1
20740,1
15193,1
10480,1
23402,1
23590,1
17562,1
7206,1
30128,1
28516,1
32821,1
26767,1
10,1
8565,1
22162,1
20222,1
13215,1
22579,1
20481,1
8655,1
9737,1
23268,1
33057,1
30894,1
6848,1
77,1
5533,1
26169,1
2951,1
10750,1
28811,1
26316,1
28759,1
30075,1
21430,1
12178,1
10146,1
30129,1
19711,1
28857,1
31068,1
10268,1
22548,1
29222,1
3770,1
21438,1
20490,1
21620,1
22232,1
23000,1
17036,1
19444,1
28502,1
9867,1
13099,1
25647,1
21590,1
8656,1
1892,1
18508,1
27331,1
30613,1
27275,1
29597,1
29526,1
13200,1
5690,1
2141,1
14778,1
4298,1
19579,1
33167,1
21319,1
21134,1
4081,1
22845,1
30833,1
17142,1
10785,1
32262,1
16544,1
25633,1
9015,1
33076,1
26297,1
17568,1
27107,1
31204,1
32877,1
23386,1
22075,1
19289,1
8824,1
9600,1
12357,1
24915,1
4142,1
16008,1
26919,1
16770,1
5163,1
20868,1
8951,1
15217,1
31089,1
10615,1
19354,1
28022,1
27631,1
31665,1
29993,1
2738,1
1548,1
18802,1
19513,1
30376,1
33102,1
2350,1
16194,1
27655,1
29352,1
17560,1
17201,1
27007,1
11137,1
26499,1
29639,1
16060,1
31163,1
12216,1
33306,1
32755,1
24012,1
33261,1
2242,1
28367,1
23299,1
15424,1
1774,1
10644,1
11756,1
16364,1
9553,1
7418,1
26029,1
23479,1
10546,1
1884,1
24607,1
24014,1
28706,1
5302,1
20521,1
29927,1
23019,1
23368,1
23659,1
3464,1
1598,1
2406,1
21609,1
21357,1
18571,1
20581,1
25772,1
5892,1
17219,1
20402,1
3718,1
2608,1
22448,1
1866,1
28184,1
18474,1
79,1
28881,1
5198,1
14411,1
25379,1
24269,1
13381,1
11657,1
21311,1
6535,1
18413,1
31221,1
4638,1
29787,1
14943,1
16529,1
24916,1
15213,1
6004,1
5379,1
21259,1
17058,1
13261,1
31649,1
7836,1
25683,1
5878,1
23293,1
28928,1
23058,1
5251,1
26693,1
2545,1
23796,1
19893,1
19910,1
3462,1
30551,1
18773,1
15659,1
5848,1
32778,1
29605,1
32400,1
4977,1
1944,1
4317,1
17364,1
24893,1
6229,1
11914,1
30268,1
11578,1
11038,1
25020,1
33318,1
23747,1
14922,1
29136,1
28820,1
16304,1
24964,1
8946,1
28124,1
14316,1
24090,1
18078,1
8817,1
10897,1
17207,1
12285,1
1201,1
7963,1
7450,1
17618,1
2775,1
9722,1
12304,1
13661,1
9393,1
13815,1
12625,1
19063,1
30575,1
25410,1
16698,1
9096,1
12670,1
4915,1
22494,1
5201,1
14848,1
12585,1
19559,1
23619,1
9318,1
27725,1
24347,1
28633,1
11601,1
29839,1
6386,1
659,1
23013,1
24859,1
27452,1
3350,1
1117,1
13058,1
612,1
26219,1
13294,1
31916,1
2688,1
13242,1
14572,1
22463,1
316,1
33249,1
19975,1
18602,1
2271,1
24501,1
29444,1
32665,1
11084,1
10967,1
19418,1
1550,1
23468,1
31706,1
25912,1
1772,1
8469,1
4935,1
15407,1
33252,1
21561,1
32506,1
24107,1
17852,1
32966,1
28010,1
1625,1
19405,1
12987,1
31504,1
22319,1
4649,1
23864,1
13952,1
689,1
32862,1
31398,1
23119,1
11672,1
16590,1
30159,1
16476,1
15479,1
2423,1
25382,1
13312,1
4329,1
21781,1
32864,1
26869,1
31056,1
20969,1
30362,1
27558,1
3035,1
33367,1
32581,1
1951,1
7909,1
9937,1
9856,1
30064,1
28887,1
29514,1
13004,1
21030,1
31616,1
12414,1
15599,1
21160,1
19434,1
19400,1
23161,1
18246,1
23869,1
18774,1
10496,1
27583,1
22062,1
24043,1
10401,1
20296,1
32782,1
27993,1
11061,1
20616,1
3229,1
21891,1
11580,1
11870,1
33254,1
25978,1
29505,1
27045,1
26849,1
30257,1
24449,1
29425,1
26115,1
2240,1
26625,1
30855,1
18265,1
27827,1
22236,1
24937,1
11771,1
21858,1
24271,1
17808,1
17005,1
30964,1
17741,1
32076,1
14176,1
10153,1
31770,1
363,1
31611,1
29244,1
17862,1
10957,1
11784,1
18631,1
14609,1
17271,1
25254,1
17185,1
32417,1
32114,1
25708,1
30762,1
7690,1
18453,1
22959,1
10870,1
16292,1
32473,1
20354,1
28980,1
1686,1
30734,1
27551,1
13490,1
26254,1
7796,1
18813,1
32846,1
24040,1
3781,1
18763,1
11772,1
4277,1
8005,1
31258,1
14108,1
2414,1
10733,1
24109,1
16620,1
13935,1
21610,1
26037,1
13120,1
26060,1
17828,1
22399,1
17811,1
24752,1
9069,1
27618,1
15931,1
27426,1
886,1
28046,1
17146,1
30945,1
19416,1
1721,1
7423,1
29119,1
27713,1
27478,1
3088,1
20981,1
7686,1
10294,1
12614,1
29555,1
19010,1
9034,1
26941,1
4278,1
1561,1
712,1
10223,1
11254,1
8365,1
32593,1
21556,1
898,1
18299,1
6520,1
26642,1
9218,1
11676,1
8489,1
26257,1
14003,1
19174,1
31351,1
15436,1
24330,1
21580,1
13344,1
11146,1
29460,1
5894,1
14497,1
29024,1
17339,1
13522,1
31243,1
24091,1
1997,1
14604,1
25040,1
18645,1
18974,1
17422,1
3604,1
21767,1
21874,1
29494,1
5767,1
26579,1
27807,1
9743,1
31108,1
10600,1
2913,1
2058,1
33223,1
1648,1
3044,1
16962,1
25501,1
8450,1
33331,1
4748,1
30555,1
17327,1
7944,1
25780,1
23375,1
33132,1
31039,1
32036,1
31713,1
24148,1
29012,1
30225,1
28266,1
24150,1
26675,1
16137,1
18479,1
5351,1
158,1
10673,1
26922,1
32578,1
3073,1
20683,1
29455,1
11978,1
12164,1
30188,1
2012,1
143,1
9042,1
2074,1
12138,1
30467,1
15081,1
18760,1
32733,1
11328,1
23315,1
12346,1
27005,1
26362,1
11257,1
4854,1
9006,1
22461,1
24406,1
8757,1
7192,1
29866,1
9390,1
30765,1
26597,1
13399,1
23721,1
12604,1
5234,1
11623,1
30427,1
26522,1
10185,1
5184,1
23115,1
11656,1
14121,1
31838,1
32806,1
12047,1
3263,1
22339,1
29035,1
9074,1
25734,1
5203,1
30506,1
32711,1
29141,1
9063,1
33212,1
20395,1
7293,1
1637,1
26294,1
24351,1
8815,1
19643,1
10164,1
5318,1
28323,1
1534,1
28555,1
25386,1
22796,1
30313,1
4120,1
11350,1
3329,1
22386,1
21443,1
33056,1
28970,1
17220,1
6925,1
21630,1
23998,1
26164,1
5543,1
15248,1
16967,1
30753,1
28032,1
7607,1
26170,1
23833,1
23506,1
28621,1
30591,1
16330,1
7933,1
24105,1
31518,1
24307,1
32020,1
21725,1
30414,1
27126,1
29573,1
10106,1
15154,1
11979,1
28681,1
14092,1
29382,1
29729,1
28206,1
13105,1
320,1
23349,1
7715,1
28783,1
18578,1
4621,1
1478,1
14453,1
2220,1
8399,1
28801,1
13989,1
21478,1
22553,1
30081,1
15014,1
22429,1
28448,1
10793,1
5423,1
15948,1
32784,1
3662,1
30265,1
2015,1
23022,1
27947,1
19588,1
17459,1
21956,1
33078,1
22357,1
24606,1
27113,1
3966,1
2293,1
1842,1
18179,1
17341,1
14939,1
7328,1
20391,1
9928,1
25939,1
17234,1
3159,1
9815,1
26363,1
4186,1
24312,1
27992,1
19426,1
10375,1
14476,1
23892,1
31060,1
13814,1
13480,1
7648,1
26510,1
11068,1
22259,1
1314,1
32018,1
11430,1
28287,1
19899,1
26594,1
26778,1
6121,1
31275,1
21791,1
5830,1
24882,1
26147,1
26944,1
16250,1
24546,1
26321,1
13207,1
15208,1
29066,1
4603,1
24714,1
32242,1
8345,1
33059,1
251,1
23171,1
28953,1
15125,1
5867,1
15032,1
20638,1
15200,1
20261,1
29485,1
23302,1
11750,1
20129,1
23445,1
3417,1
22610,1
22389,1
19515,1
31454,1
3456,1
25039,1
18624,1
30634,1
7366,1
21545,1
8269,1
5586,1
22552,1
24289,1
3013,1
29210,1
22054,1
20929,1
5733,1
27233,1
22614,1
24860,1
30119,1
3974,1
17099,1
28889,1
16500,1
28830,1
26223,1
24011,1
5433,1
19144,1
32306,1
21587,1
12188,1
32047,1
21680,1
7431,1
7920,1
28558,1
31573,1
12034,1
24006,1
4589,1
4800,1
1941,1
5666,1
21466,1
19544,1
85,1
14376,1
13942,1
5233,1
23202,1
16439,1
15705,1
30827,1
31413,1
20312,1
720,1
2193,1
6828,1
24393,1
27260,1
27467,1
5548,1
27789,1
17103,1
6686,1
17073,1
6545,1
9043,1
14237,1
30238,1
26912,1
27893,1
23446,1
3740,1
27363,1
23118,1
12486,1
26665,1
5104,1
30224,1
31716,1
7030,1
23993,1
593,1
20590,1
10851,1
6212,1
17737,1
19345,1
26558,1
21524,1
13897,1
19380,1
11822,1
4940,1
27552,1
25359,1
10607,1
5172,1
32822,1
28882,1
24056,1
32602,1
13749,1
28967,1
25917,1
30548,1
32590,1
6029,1
19391,1
16890,1
28637,1
28407,1
12183,1
4069,1
16382,1
32879,1
7507,1
14117,1
564,1
23603,1
4861,1
15631,1
25850,1
27274,1
26364,1
27293,1
31420,1
2203,1
15152,1
1958,1
28497,1
32234,1
14171,1
30629,1
16588,1
12650,1
32686,1
32038,1
17927,1
819,1
19724,1
30133,1
9755,1
6065,1
31509,1
10118,1
2091,1
10438,1
6231,1
2025,1
5921,1
27955,1
22387,1
19795,1
14752,1
32810,1
17483,1
4374,1
8999,1
4630,1
22813,1
9398,1
19969,1
32079,1
5176,1
30143,1
9611,1
18810,1
19169,1
29615,1
21233,1
27152,1
26988,1
2620,1
32347,1
17118,1
890,1
13908,1
2958,1
25474,1
27009,1
3690,1
12370,1
9022,1
11247,1
17132,1
11135,1
9529,1
26193,1
30027,1
22544,1
1808,1
1644,1
31956,1
14384,1
8143,1
822,1
3399,1
31426,1
2527,1
13387,1
7129,1
24476,1
2205,1
1450,1
12615,1
16413,1
30611,1
3706,1
866,1
11407,1
5975,1
19445,1
31748,1
23673,1
24925,1
24118,1
30780,1
23422,1
24021,1
10515,1
4817,1
32053,1
12457,1
6729,1
13565,1
14612,1
28064,1
31961,1
18085,1
22965,1
4747,1
28771,1
32851,1
1868,1
21375,1
29933,1
32631,1
17488,1
28002,1
6031,1
29089,1
30763,1
16608,1
26314,1
11457,1
22927,1
12431,1
12446,1
19818,1
32627,1
7086,1
11947,1
11746,1
11067,1
27950,1
25124,1
8581,1
20518,1
1261,1
31986,1
1920,1
23455,1
22550,1
30069,1
9568,1
33195,1
13199,1
8405,1
27900,1
338,1
24015,1
17861,1
8981,1
10700,1
17279,1
10779,1
32999,1
30183,1
14318,1
13551,1
7326,1
26506,1
8428,1
1779,1
10963,1
28310,1
15010,1
11743,1
18762,1
21528,1
8695,1
12588,1
27734,1
31540,1
3638,1
19566,1
24847,1
22560,1
4580,1
31832,1
8878,1
12596,1
31042,1
19968,1
21171,1
6458,1
15016,1
13541,1
23376,1
33077,1
14446,1
24333,1
26302,1
14385,1
9223,1
24627,1
27681,1
24296,1
33192,1
24913,1
28438,1
20578,1
8862,1
29818,1
31423,1
22204,1
12408,1
21564,1
12885,1
4760,1
13290,1
27371,1
24774,1
13237,1
10591,1
8700,1
28524,1
25883,1
11616,1
5149,1
29319,1
24829,1
4220,1
10991,1
26878,1
27574,1
31447,1
24928,1
10002,1
5777,1
4947,1
4418,1
15470,1
7177,1
23334,1
17782,1
30929,1
786,1
277,1
8080,1
5369,1
14614,1
2831,1
21093,1
25868,1
27545,1
1370,1
12549,1
4498,1
26149,1
18528,1
3943,1
20991,1
2040,1
15000,1
25010,1
31227,1
6024,1
23356,1
8242,1
18608,1
27243,1
19536,1
23394,1
20495,1
26618,1
26623,1
31717,1
22215,1
32762,1
31812,1
7316,1
17330,1
2400,1
22098,1
25523,1
6198,1
17050,1
29829,1
14919,1
21229,1
7783,1
16864,1
10939,1
7309,1
18031,1
27324,1
14640,1
24745,1
25881,1
28679,1
24045,1
33255,1
18084,1
21721,1
8033,1
28213,1
23811,1
12991,1
17752,1
22198,1
8208,1
14391,1
31172,1
8569,1
29917,1
22838,1
14915,1
30041,1
19616,1
29672,1
24016,1
11943,1
26853,1
14149,1
23658,1
20370,1
15311,1
25738,1
9355,1
28815,1
13303,1
6227,1
26211,1
10631,1
32655,1
27202,1
6347,1
10105,1
9739,1
28072,1
16551,1
14079,1
441,1
22574,1
21371,1
27812,1
4238,1
4729,1
7283,1
3919,1
14467,1
10943,1
29178,1
25640,1
21447,1
4235,1
17529,1
23490,1
33156,1
31093,1
27483,1
4399,1
14258,1
26150,1
33209,1
32757,1
5196,1
1875,1
32362,1
18127,1
31917,1
4534,1
24139,1
15078,1
13612,1
6472,1
17678,1
30955,1
24151,1
22467,1
20494,1
22862,1
16751,1
33350,1
4309,1
28760,1
11938,1
32980,1
25685,1
25760,1
16448,1
27872,1
8003,1
24849,1
10377,1
31618,1
26882,1
17280,1
7237,1
19365,1
17635,1
20429,1
1577,1
33055,1
32338,1
29842,1
22356,1
17572,1
8088,1
8521,1
7172,1
19448,1
17288,1
7331,1
1356,1
23893,1
18532,1
23733,1
14761,1
30654,1
30967,1
7843,1
31359,1
29724,1
20934,1
549,1
22758,1
7118,1
28030,1
8611,1
19758,1
22581,1
23819,1
2480,1
18835,1
18584,1
12230,1
31747,1
7991,1
15943,1
5990,1
18783,1
1800,1
19686,1
32905,1
15737,1
33301,1
26290,1
12562,1
26424,1
1828,1
9033,1
4828,1
17518,1
21732,1
12508,1
15071,1
31453,1
29612,1
4135,1
19906,1
1315,1
16879,1
26002,1
13994,1
15112,1
5253,1
26544,1
6761,1
17042,1
28710,1
13359,1
10358,1
2649,1
12351,1
1124,1
26923,1
31244,1
11424,1
32065,1
23310,1
5180,1
7625,1
25000,1
18105,1
24257,1
9730,1
1922,1
3472,1
9414,1
25901,1
23516,1
23103,1
8916,1
19366,1
12863,1
2236,1
14861,1
24413,1
3525,1
11529,1
31080,1
5903,1
28625,1
21437,1
1051,1
4739,1
17281,1
22743,1
20026,1
8438,1
15641,1
21950,1
21600,1
20988,1
24285,1
31886,1
28445,1
8196,1
21360,1
31037,1
30291,1
8952,1
1909,1
715,1
14839,1
21147,1
11248,1
28829,1
6846,1
18885,1
25575,1
14818,1
28611,1
22770,1
10417,1
26275,1
30659,1
2751,1
23360,1
1819,1
754,1
18420,1
32922,1
30290,1
29363,1
1730,1
22454,1
26025,1
17375,1
23741,1
23617,1
16105,1
3169,1
19185,1
1470,1
31844,1
24719,1
2573,1
27139,1
14439,1
24019,1
30473,1
25119,1
24835,1
1726,1
7389,1
20,1
448,1
12935,1
11793,1
1811,1
8598,1
13332,1
30803,1
7952,1
22370,1
4265,1
32293,1
6158,1
12708,1
19546,1
17617,1
23563,1
5531,1
16409,1
4521,1
24313,1
20095,1
2135,1
22750,1
22980,1
5570,1
27473,1
24075,1
17344,1
1848,1
1242,1
22018,1
27727,1
7580,1
18033,1
6245,1
2745,1
27116,1
12921,1
18089,1
19255,1
31223,1
13320,1
18640,1
27388,1
14739,1
13003,1
1662,1
4923,1
7646,1
30593,1
10550,1
9713,1
23724,1
29826,1
17772,1
32928,1
20307,1
26168,1
16471,1
32662,1
31516,1
28320,1
21582,1
28767,1
21251,1
2078,1
16259,1
9141,1
29968,1
16684,1
13577,1
30243,1
4497,1
18923,1
4763,1
31189,1
14313,1
31774,1
30990,1
10032,1
21463,1
17801,1
6665,1
31113,1
22908,1
8212,1
26039,1
13423,1
25483,1
14645,1
28791,1
32816,1
31927,1
28217,1
11980,1
29700,1
21664,1
15486,1
7422,1
23017,1
30786,1
16110,1
10501,1
19388,1
24284,1
6842,1
19797,1
26797,1
32714,1
27193,1
6780,1
30747,1
23471,1
31783,1
7853,1
1322,1
28425,1
17758,1
14004,1
24708,1
17317,1
12988,1
29471,1
4006,1
10318,1
19582,1
4080,1
8597,1
16071,1
26708,1
16342,1
19421,1
32899,1
9864,1
10794,1
12671,1
4058,1
15498,1
5293,1
30087,1
10752,1
29250,1
28221,1
5979,1
18309,1
18351,1
31047,1
18177,1
2363,1
23284,1
19789,1
5339,1
7089,1
1775,1
19665,1
26117,1
14569,1
27129,1
32249,1
20411,1
7495,1
10408,1
12862,1
31452,1
23138,1
14095,1
28315,1
10990,1
16263,1
21768,1
8932,1
717,1
17629,1
27296,1
1327,1
22747,1
1984,1
17839,1
919,1
179,1
20544,1
24436,1
25154,1
13737,1
22545,1
5143,1
31845,1
8306,1
33282,1
29944,1
28696,1
18925,1
26295,1
6755,1
32827,1
25041,1
5445,1
29162,1
13125,1
8187,1
18981,1
24165,1
19524,1
29850,1
3715,1
28634,1
6607,1
17992,1
20025,1
911,1
12637,1
5910,1
27421,1
32485,1
14425,1
14225,1
8993,1
16237,1
30622,1
30186,1
31792,1
21641,1
17465,1
812,1
11875,1
12089,1
12611,1
4427,1
24186,1
9581,1
23661,1
24104,1
19670,1
13454,1
1996,1
30327,1
2003,1
29843,1
23558,1
19537,1
14461,1
11498,1
15950,1
24682,1
236,1
23082,1
30328,1
5814,1
2460,1
20454,1
27817,1
32488,1
32637,1
26770,1
12534,1
12720,1
5494,1
30917,1
21342,1
12062,1
14427,1
12757,1
15099,1
8362,1
134,1
16951,1
33155,1
19360,1
31119,1
229,1
10781,1
25152,1
9969,1
10612,1
11159,1
17507,1
964,1
24183,1
22710,1
1066,1
20888,1
25307,1
27711,1
453,1
4180,1
5181,1
8949,1
628,1
27662,1
19467,1
12871,1
26879,1
29696,1
17740,1
18914,1
26537,1
8887,1
25829,1
28705,1
21289,1
4685,1
17877,1
13081,1
33171,1
17362,1
7368,1
16275,1
11280,1
32884,1
8806,1
23306,1
18392,1
23065,1
14554,1
4853,1
4759,1
17048,1
13270,1
18318,1
2470,1
10896,1
16757,1
15393,1
30768,1
33139,1
8603,1
19649,1
33360,1
24032,1
22809,1
28413,1
2477,1
11054,1
26234,1
5305,1
27630,1
4821,1
31185,1
21316,1
15421,1
21113,1
30318,1
29520,1
16410,1
2760,1
26270,1
14006,1
27445,1
29441,1
16516,1
307,1
200,1
23501,1
31932,1
24303,1
21352,1
13806,1
17414,1
28094,1
28239,1
177,1
8381,1
29659,1
29761,1
22395,1
23340,1
23282,1
5153,1
13723,1
32157,1
14151,1
33154,1
30207,1
8240,1
30204,1
30450,1
27459,1
31229,1
2990,1
24726,1
7029,1
22419,1
5816,1
21448,1
14328,1
13098,1
28674,1
1693,1
6085,1
15054,1
19265,1
32173,1
23389,1
11352,1
3676,1
10812,1
29486,1
25888,1
27516,1
28300,1
24308,1
31173,1
30751,1
1018,1
24421,1
31993,1
26349,1
18011,1
20232,1
17138,1
26953,1
1339,1
28053,1
28108,1
58,1
11305,1
21806,1
