"User_ID","Purchase"
1001889,7802
1003320,15412
1003690,1448
1002796,3927
1001671,7091
1005872,5147
1002230,6058
1001680,5913
1003821,3584
1005367,8019
1005588,3897
1003661,15688
1002010,759
1000957,9859
1003878,1916
1003129,11995
1002437,19179
1004497,15717
1005820,7858
1004888,7882
1005996,7885
1001181,380
1004140,7003
1005441,11392
1001314,1825
1001094,7876
1005329,5963
1001749,6088
1005880,8684
1001203,7825
1003005,380
1005548,9888
1001591,10042
1005607,5260
1004124,7137
1001490,19464
1001916,8702
1003332,11589
1000549,20789
1001658,15625
1003697,19041
1005619,8609
1000442,5427
1000201,8678
1001753,20537
1001983,19550
1005395,4565
1002826,7828
1003476,1770
1003558,8068
1000637,8738
1002376,12223
1004084,8020
1004327,4452
1002056,21225
1003539,7167
1002832,6857
1004643,6903
1002595,19334
1004053,15829
1001317,16096
1004335,12360
1005349,8126
1003010,5436
1005960,7617
1000238,9936
1002684,11750
1004199,9867
1001699,16440
1005443,13650
1005795,2302
1003971,5391
1000549,20339
1001579,14524
1002015,11496
1003621,15275
1001984,16117
1004220,5301
1003048,15843
1003320,5463
1002501,18990
1000355,7564
1002878,10075
1002251,9793
1004049,5839
1002163,19091
1005054,6016
1000710,6860
1001396,6925
1001265,4242
1004575,1700
1001389,6733
1006021,15427
1002106,5362
1001059,1911
1001931,9999
1004071,6899
1000546,4432
1005888,12508
1001812,6060
1005636,3643
1001962,2174
1001613,6465
1002424,7870
1001228,9716
1000169,13136
1005177,15186
1002529,19069
1002527,19610
1003487,5889
1001203,7068
1002153,8032
1000639,5906
1001984,8080
1001100,15895
1003690,5145
1002901,16013
1002090,8702
1001675,1492
1005953,10913
1005914,15960
1003693,5466
1000438,1751
1001803,5215
1000817,4546
1001759,6949
1001978,2905
1001129,6861
1003913,7050
1005677,4303
1003507,19648
1002063,1774
1003517,7174
1001170,6047
1000184,12011
1001268,9772
1005524,7184
1000033,11825
1002668,8087
1002745,7953
1001132,19086
1000293,8894
1002924,13045
1004733,12864
1003971,7937
1002756,11724
1000545,9796
1002445,19172
1000984,1039
1003908,5436
1000588,21119
1005965,4462
1002397,19394
1001861,16550
1003675,5476
1001303,7025
1006040,2806
1002323,7088
1000573,11544
1002453,5824
1002731,9891
1005138,7054
1003401,1528
1002096,1739
1003227,5432
1000091,7047
1004112,19516
1002181,13268
1000648,16962
1005536,2027
1005390,15653
1004333,19193
1000813,7012
1000141,2045
1000837,16522
1005831,23303
1001680,8085
1005654,7080
1003469,8655
1002544,7951
1003652,7042
1005984,19429
1001004,10724
1002439,6870
1001726,11652
1002907,11371
1003745,3065
1003853,13246
1003265,8443
1001645,5349
1003183,2312
1001626,6003
1000855,10732
1001854,2011
1002580,3628
1005452,6975
1004908,15844
1003312,5819
1000296,19065
1002532,6123
1003328,15660
1000146,15184
1001142,7032
1000314,6884
1002429,23473
1003209,4491
1005329,9959
1002402,5275
1002506,15739
1003792,5298
1005166,3746
1004194,4472
1002665,5563
1004438,10145
1000277,4039
1005726,15888
1003752,15195
1004000,23671
1004502,12832
1001613,19332
1004161,751
1004643,8462
1001958,8112
1002909,15898
1000329,15586
1005858,16310
1004388,11682
1003675,8754
1002537,1968
1000780,7144
1004498,15838
1000271,8792
1004510,18778
1001340,3943
1004824,6964
1005556,1415
1003574,3035
1001699,3788
1005083,4014
1004422,4452
1002092,5913
1000731,5262
1003431,9853
1004442,7818
1001284,8798
1003024,954
1002810,8030
1002604,6969
1001361,7533
1000860,4665
1002748,11032
1004502,15645
1001063,7100
1001790,16367
1003491,5334
1003770,4854
1002526,3514
1005786,3683
1002537,7790
1002198,8147
1005678,20713
1003526,5414
1005434,9883
1004277,5316
1004277,15291
1001309,15410
1001258,20295
1001323,7010
1005888,7146
1003519,12412
1001137,19432
1000854,9928
1000402,12635
1005299,15222
1003789,7043
1005105,7906
1002743,6042
1004834,12302
1001088,12900
1002016,15765
1005505,13357
1002748,13047
1003945,15531
1001194,15226
1005950,6094
1001737,3001
1001361,5295
1004877,20482
1001884,7168
1002485,8118
1005078,5881
1002641,9815
1000148,10072
1001675,11855
1003635,23894
1000934,3651
1002818,9721
1005840,11891
1003689,5324
1003841,11590
1004956,6045
1004785,7835
1001883,5250
1001120,8213
1004088,11801
1004879,7117
1000877,19202
1000178,11817
1005002,5283
1001168,16647
1000400,12765
1001998,7843
1003677,7596
1005306,7184
1002952,9898
1003080,6992
1004422,11489
1002781,15418
1004592,3714
1005795,8006
1004384,7113
1000552,19647
1001472,19349
1005523,19344
1005312,3600
1001926,9777
1001449,1805
1003882,9907
1001495,5295
1002179,6107
1000117,12126
1004512,15227
1002486,6853
1001260,12859
1001707,8725
1005355,5380
1002664,15747
1004499,20588
1001875,4032
1001680,5334
1003685,9770
1005507,10005
1003095,7417
1001087,6464
1001120,1741
1003401,15455
1005160,16267
1003154,12765
1004506,1056
1000787,6156
1000801,12005
1004042,6640
1001358,15783
1004962,3684
1003819,15287
1005458,7966
1002820,6196
1005049,6870
1005367,4579
1005399,5157
1000744,15161
1001448,19274
1000307,8809
1000481,5998
1001930,6959
1003519,6055
1003603,11615
1000343,753
1002383,3475
1005468,10082
1000008,13265
1000889,1476
1000368,8135
1000390,9977
1003946,11827
1005749,7989
1000705,1749
1000136,9908
1001274,7764
1002526,5199
1005788,5406
1003250,8053
1001976,6122
1001231,8119
1005180,1956
1005387,5932
1000139,8314
1000056,9993
1003308,8688
1001683,5365
1001404,5184
1004382,3675
1001605,12502
1002103,7192
1004326,8714
1001040,6872
1004104,11667
1002446,5336
1001051,7125
1002497,10081
1004411,9940
1002913,7191
1003853,6932
1003900,7638
1003728,5861
1001329,8737
1003690,12270
1003550,5443
1000854,15218
1004488,19126
1005163,11603
1001071,12934
1003312,4218
1003868,5259
1004615,15361
1003762,3232
1001544,15349
1000820,18969
1001317,11543
1003724,6907
1001791,8028
1003032,6989
1000858,6132
1001853,8591
1001021,9914
1001053,19340
1006039,9750
1000438,6525
1003771,1588
1004115,15699
1004388,12067
1005950,3574
1003032,3519
1001530,6916
1000934,5245
1004279,15917
1002926,12054
1005321,3464
1005143,5332
1001764,6863
1001514,8089
1001889,5153
1004227,3986
1002968,6926
1005137,2991
1005623,8009
1000873,7815
1002438,9835
1004829,5153
1000596,3074
1000552,11851
1005378,12670
1004115,8882
1001836,12727
1002918,8752
1004064,6913
1002680,5479
1005492,9788
1003669,3754
1003629,6061
1000350,7001
1005719,7928
1001141,10971
1002457,7097
1003512,4672
1003499,7115
1003196,3200
1005795,5961
1001884,15344
1001940,9912
1003999,15840
1002752,9849
1000710,7067
1005744,6957
1004688,3516
1005450,7979
1005888,3502
1004915,16688
1001732,12499
1004139,7930
1000356,9907
1001132,13621
1003556,15780
1005319,1078
1004771,8853
1003503,7791
1005912,2086
1002526,8095
1004078,20576
1003191,19604
1002102,4549
1002125,19657
1002098,1484
1002585,3010
1001172,5159
1003675,8731
1002501,7162
1004819,8639
1003512,8090
1000366,10053
1003349,15328
1004911,1791
1001597,3637
1003630,9832
1003963,20615
1004970,9525
1002106,5977
1005120,8125
1003892,8717
1005854,20533
1005621,9731
1000585,20342
1003087,4592
1004040,12644
1003539,6914
1001449,4154
1001943,6099
1001026,6077
1001498,5256
1002683,6940
1003389,3181
1001697,15988
1000079,8078
1000139,15688
1003808,7035
1001680,20522
1000109,15656
1002688,5380
1001051,8833
1003206,4650
1005333,7952
1000314,8004
1005123,6926
1004815,744
1004647,2284
1003395,9881
1003469,8038
1005147,19323
1003458,7834
1003705,3145
1005042,5337
1001077,15167
1000984,16533
1000047,8009
1002092,15703
1000329,5393
1002461,19647
1004862,3670
1005636,8669
1003082,16837
1003941,19164
1004806,16973
1001688,8616
1003539,7075
1002344,7936
1001645,9773
1003492,20011
1001066,696
1001051,15859
1005407,6034
1001088,6699
1003410,5323
1001079,12288
1002793,7835
1005675,10009
1004566,11588
1003082,7909
1002454,8301
1001926,8033
1000075,10583
1001164,6861
1000770,8511
1005831,7149
1000692,9590
1004978,9767
1001793,19920
1005485,15401
1000261,3689
1001127,8277
1003507,7639
1000522,15896
1000984,7596
1005684,5902
1001088,19347
1004224,5476
1001425,8099
1002001,6103
1003650,19643
1005840,8655
1000412,6862
1001113,3612
1001727,15418
1004022,12757
1004510,8207
1005766,19232
1002892,8782
1001600,6932
1004760,13034
1000301,20079
1000776,19655
1002785,7870
1003925,8609
1000602,4118
1005029,7160
1003471,12079
1005209,12319
1005019,5269
1000028,15793
1000855,8673
1005301,2310
1005587,8112
1002010,11643
1005794,13556
1003603,7725
1003418,9805
1003001,8904
1005878,7967
1000977,5824
1001164,4167
1003639,5468
1000308,2756
1003411,5242
1003652,8787
1002909,11713
1001354,8020
1000146,9721
1000524,1748
1003653,2081
1001495,3737
1000549,15911
1002015,8738
1004837,6973
1004524,5156
1005964,10067
1005811,3103
1003106,2116
1005005,20616
1001027,16267
1001941,5840
1002038,18800
1004416,20338
1004457,5946
1000549,9790
1005963,1944
1000985,11674
1004079,7793
1005978,11982
1004829,7107
1000357,3735
1000701,9808
1004789,15496
1003518,20949
1002052,7059
1001863,8580
1002174,7060
1004150,15813
1002541,3563
1005720,5445
1003591,16551
1003058,12115
1001191,956
1004458,9982
1003483,3657
1003309,12787
1001164,7011
1005878,9763
1002022,8084
1005880,5431
1000338,19596
1003253,7148
1000425,7019
1003240,3461
1001821,19132
1000731,8825
1005061,8676
1004322,5383
1002903,19385
1001573,7089
1002316,19436
1002463,11488
1005326,4502
1005508,5383
1001323,6884
1005908,5341
1001303,7012
1005153,7970
1005576,15430
1002464,16614
1005878,6893
1004024,5964
1000651,3616
1004568,10061
1001641,4048
1004531,6888
1005367,19162
1005812,16535
1002195,15590
1003780,20143
1000308,15723
1005795,19303
1004354,19354
1003299,7893
1003004,7953
1001150,4539
1000549,7873
1003971,15782
1001140,8392
1000586,19306
1005854,3120
1005256,7024
1001274,7894
1003729,11790
1002951,19369
1005878,20725
1002684,9573
1002181,7930
1004150,12291
1004290,7885
1003672,5931
1005112,15981
1004041,16400
1004918,8731
1004983,13299
1003430,11735
1003610,2152
1003563,5170
1001632,15232
1006040,6874
1000312,5830
1000543,15209
1004854,2001
1003313,6196
1000875,19548
1001861,3445
1005441,7848
1003842,5459
1001203,5239
1000550,8084
1005825,21025
1002109,1438
1001340,19483
1004473,8142
1004979,13502
1005561,8568
1003428,20476
1000531,7870
1004789,11994
1004177,20366
1001697,9703
1000175,6100
1003971,5957
1001521,8093
1000355,7178
1003032,11962
1003507,13169
1000752,3997
1001261,8209
1001680,19290
1004062,8892
1001463,19171
1000669,7183
1000116,19189
1002188,5992
1005763,1985
1001010,7614
1005763,8194
1005857,1031
1000850,6935
1002617,5866
1002110,5266
1001635,7847
1004028,19337
1000730,19636
1005035,8742
1001807,5462
1006000,7060
1000853,3481
1001293,5229
1001242,7019
1003998,15757
1004462,4023
1001647,2005
1006036,3224
1003792,5475
1003934,1500
1005558,1400
1005362,5857
1002777,4068
1004115,12699
1003191,11558
1005555,15438
1001579,7954
1005401,7599
1005087,3729
1005550,19918
1004107,19513
1005536,12067
1002532,7180
1004607,11945
1000802,6873
1002634,6916
1003311,11743
1001019,2015
1003411,1514
1004452,19318
1001897,11054
1001613,2140
1004048,11496
1003075,6046
1005881,9850
1002221,4074
1000284,8891
1002288,5376
1002777,4247
1003423,7133
1002181,2068
1005831,18240
1005854,7986
1004019,9720
1000877,5833
1005241,6057
1001545,11557
1002691,8598
1003675,19121
1004812,8714
1004215,7180
1003756,7429
1002651,12053
1004180,8004
1002734,3442
1001370,16073
1003018,7188
1003116,19198
1001680,5958
1000296,6859
1001847,4422
1005433,1550
1004118,1726
1005862,16175
1001951,8691
1002102,5888
1000223,7052
1001695,15253
1005488,5302
1005504,19392
1001447,1961
1000648,6913
1004387,3493
1000010,3490
1003111,15760
1005848,16585
1003125,8108
1003998,1670
1005955,5355
1002457,4602
1004235,7965
1002259,20432
1001922,5881
1002691,19060
1002895,8020
1004033,8106
1001764,4561
1003656,8313
1003881,5139
1003778,3547
1003441,13134
1003391,7851
1001645,8722
1001489,1774
1002436,5263
1002289,8888
1003031,5297
1001546,7803
1005232,19437
1003320,5358
1003189,5336
1004062,3923
1004258,11995
1002334,15235
1005251,8829
1000549,9728
1003230,13632
1001680,7898
1005911,10069
1001899,5267
1004948,7093
1000959,19590
1003716,15648
1002258,12972
1000949,15647
1000156,7976
1000917,9854
1004064,7108
1001246,7151
1004808,11909
1005282,5153
1002027,3110
1002466,11832
1001369,7992
1001037,5237
1002151,11635
1005862,8892
1003277,20586
1003550,16921
1003740,10030
1001302,6155
1003312,3437
1000692,15446
1005621,7957
1001597,8739
1001681,15885
1005355,6975
1005046,10026
1005330,8121
1002577,6077
1000108,15540
1002583,6162
1000111,8893
1005514,5309
1004666,5204
1002887,6114
1002659,9708
1005184,4180
1004955,6047
1000319,5340
1005595,4149
1005553,15972
1000799,5243
1004339,15485
1004514,16270
1001680,7173
1001323,7050
1000710,7173
1000041,19563
1000308,11895
1005338,11912
1002885,7083
1005738,6051
1004058,6956
1003961,12536
1000666,5273
1002909,5448
1003526,3702
1002599,15647
1003600,13426
1003410,7841
1001059,1843
1005942,7124
1002967,7047
1000838,21056
1003545,23775
1005888,8807
1000551,8081
1004953,11746
1000509,7893
1002605,20411
1003487,9722
1005574,15201
1003054,15183
1001952,8132
1004183,12562
1005310,15870
1002133,6970
1002913,8073
1004345,7951
1000555,8208
1004836,7845
1004869,7144
1003747,9944
1003261,15503
1001496,12906
1002752,15657
1004072,15831
1001169,11729
1001387,15861
1000336,5951
1000731,8641
1002995,4449
1002472,16578
1001142,19445
1005654,5369
1000570,5476
1000647,15407
1004420,20533
1005643,8633
1004855,7113
1004532,6864
1001865,1830
1001587,10079
1000377,8592
1004049,2077
1001912,5287
1005480,4423
1000236,16208
1000128,6127
1000302,7150
1005682,8725
1000721,5225
1003842,2133
1004291,3958
1000714,16466
1005851,9906
1000311,16055
1004041,4684
1003892,16692
1004379,5278
1002331,9874
1005283,2805
1002849,7188
1000551,11422
1003825,4101
1000123,5320
1004556,15970
1002880,6860
1003032,7553
1004977,6987
1005169,19059
1003958,8103
1004271,7645
1002679,15902
1000711,5912
1005989,6947
1003390,7840
1002157,1484
1002324,6018
1004779,15762
1002446,15462
1001564,4506
1000510,19134
1003272,766
1001592,565
1004879,8713
1005954,3791
1001117,20063
1004705,5831
1003853,19091
1000342,5214
1000477,7822
1002394,15848
1004404,15756
1003726,11574
1003134,11636
1000424,7570
1002188,15732
1002058,16901
1003648,5890
1002023,2034
1003416,7924
1002541,7901
1003365,5256
1000121,15426
1004064,5143
1004732,15785
1002855,8578
1001983,15483
1002010,5233
1004207,8655
1004194,5255
1002926,5479
1001264,768
1004404,10925
1003336,19148
1000093,10769
1001941,5460
1005283,8861
1004058,6039
1005682,8671
1001194,5965
1002168,19265
1005641,11633
1004344,7990
1001279,6864
1000109,5426
1004917,5218
1004048,7857
1004354,23681
1002105,5902
1004979,1965
1004350,9730
1000643,8070
1001391,6127
1004584,3546
1005028,3714
1000244,7104
1001966,7637
1004384,7893
1003196,16460
1000102,7991
1000314,10037
1000117,19446
1005281,2171
1001810,7766
1001448,15230
1004064,11538
1003661,11443
1000984,6042
1001694,7043
1002171,7941
1000509,4482
1004738,2960
1005611,15651
1005107,5820
1003621,13063
1004001,9717
1002945,9833
1000133,2008
1005954,7192
1005806,7019
1002211,6178
1001860,15421
1001184,3546
1004425,3691
1003391,5154
1000557,12659
1003824,5342
1005054,12634
1000173,5167
1003462,8037
1003894,7919
1001203,11489
1000474,1965
1005292,8659
1002265,7766
1005205,7647
1005916,6876
1001680,13239
1005511,19670
1005349,8129
1002088,9782
1004887,8374
1003610,6993
1003688,15467
1002752,4169
1003487,15698
1000118,15687
1002097,7184
1002570,16614
1003074,6964
1001146,7992
1005596,6105
1002801,3649
1004869,7983
1001606,21042
1003476,1499
1003825,8098
1003507,5383
1003208,8327
1005367,6886
1004233,7902
1000216,5197
1005686,7705
1001426,20463
1003963,10065
1004190,3122
1001547,15898
1001329,5989
1003110,6930
1003804,7174
1004732,12111
1001430,5286
1003823,8051
1003745,7123
1003715,19550
1004434,6066
1000303,7064
1003705,11944
1002084,7900
1005344,8574
1004983,8862
1005916,2130
1005903,13344
1001980,8136
1004070,6060
1003825,7122
1004521,5282
1002638,4046
1002093,6935
1002208,8634
1004669,7089
1004308,3144
1002279,1766
1000678,6044
1002926,6965
1005305,16342
1000418,7925
1000199,11536
1002016,7099
1000036,20442
1005254,12052
1002860,9882
1004718,13270
1000111,12628
1000092,15963
1003432,7798
1005787,8014
1003479,11540
1004224,11865
1004021,19301
1002223,5985
1002266,11549
1000869,4676
1000264,8219
1004855,8787
1002202,5454
1004721,11867
1001758,7016
1005645,19130
1001065,5310
1005752,8013
1001701,23281
1005999,23826
1000735,750
1005580,8872
1001889,7967
1003626,5157
1004499,8845
1005630,8079
1002526,7851
1000396,10079
1003300,3877
1005847,8773
1000859,4685
1004634,19349
1005567,8121
1001472,15295
1000205,697
1003041,8602
1001340,4489
1000146,8864
1000671,9680
1005636,20160
1003639,5194
1000524,5285
1003650,12204
1003240,5263
1003592,5932
1004390,11797
1003816,3677
1002030,9725
1000802,7838
1001897,8104
1004098,1545
1003428,5433
1004257,6866
1001465,15378
1005142,8298
1000869,11837
1000424,15566
1002776,7422
1004063,19683
1000752,9796
1003732,4443
1005458,8202
1003178,9829
1005103,7922
1004673,19014
1002454,13289
1003193,8252
1000947,7164
1004476,5913
1001676,15774
1003623,1898
1005317,5837
1001631,7516
1004682,4156
1000352,5364
1002656,11463
1002042,15524
1000992,6934
1002465,20158
1004580,6076
1005541,15449
1001142,13345
1000533,8001
1002555,7093
1005156,19603
1005430,19248
1000195,15702
1001706,7001
1001383,12478
1003735,11926
1001806,15766
1004356,15585
1001853,7033
1000018,16430
1005776,7163
1001051,5238
1001759,576
1004888,9867
1001128,5302
1002778,7852
1002884,7966
1003180,6112
1004448,15655
1002241,9709
1006036,8617
1001605,5211
1000709,4512
1001737,3069
1000620,6901
1000873,7046
1001812,11570
1005003,20393
1000752,9805
1000633,19625
1003571,8445
1001317,956
1003884,5352
1000721,11803
1004490,23542
1001873,11821
1000563,9674
1000062,9812
1003423,6151
1001401,16093
1002691,13313
1003546,5418
1001605,19086
1001764,8362
1001609,19477
1005210,7785
1005794,6854
1001150,4477
1002986,6856
1001451,16885
1000531,12109
1001222,8112
1002421,16648
1005312,7555
1002878,7911
1004309,3508
1003658,9920
1003906,11414
1000461,1572
1004379,8044
1002427,8774
1003469,9881
1004074,9721
1004156,15879
1004625,3625
1001912,12725
1000345,11993
1000148,20400
1004939,9743
1001635,18946
1001173,6167
1000765,7179
1001545,7912
1001899,7785
1003589,12703
1002740,4178
1004285,8410
1003180,9617
1000810,19678
1005367,8065
1004251,12764
1004899,15803
1000424,13010
1000019,7977
1004217,5943
1003435,8821
1000618,5868
1001285,8000
1004373,11932
1002073,20804
1005874,15913
1000738,7890
1000720,6186
1002504,4548
1002771,2339
1004342,15403
1003756,10903
1000307,23551
1005071,15191
1003363,4075
1005139,5925
1005353,16351
1000587,8775
1003756,15589
1001671,6156
1005749,9989
1003824,7789
1001569,9764
1000162,9733
1002466,6087
1000954,7142
1001435,16987
1001741,12945
1001676,13357
1002895,8062
1005319,8851
1005805,20617
1004508,7046
1004298,6023
1004448,5179
1001613,11664
1003391,11047
1003560,6751
1005636,8681
1002660,8717
1002331,7789
1004193,15910
1000026,6864
1002570,16171
1003825,11783
1005714,7155
1000735,5222
1001655,7062
1002029,15869
1005504,15702
1001979,4020
1003100,9926
1002368,10014
1004043,11687
1004127,12896
1001678,7039
1003081,7098
1002437,12124
1001303,4069
1004514,8078
1001017,20404
1002629,19696
1003589,15282
1002116,7173
1003925,8639
1001091,11418
1003356,7787
1000169,15402
1005312,7097
1000509,11805
1004791,6943
1000946,6041
1006000,7808
1001916,6916
1005755,7842
1004502,7070
1003077,19688
1004940,7921
1002047,6932
1001306,9940
1003081,15239
1004183,6051
1002020,8139
1004286,7370
1005550,6984
1004412,1557
1001941,12012
1000710,10911
1003769,5379
1004224,15207
1005367,2043
1005306,1932
1003321,5994
1002250,11646
1000563,11557
1003308,11700
1003884,5153
1004655,7121
1001889,7933
1001781,5171
1003079,6856
1002764,957
1004472,5933
1004141,12016
1002888,15682
1003672,7049
1001449,9808
1001219,19394
1004386,11983
1000013,11454
1001150,1719
1003359,19483
1001877,16593
1001274,7009
1002776,6058
1004132,5187
1004607,7037
1000481,12496
1005504,16013
1004507,8709
1005795,7877
1001701,7938
1004388,5283
1004306,12652
1000534,19577
1000245,1894
1000869,8129
1005857,9731
1000900,10015
1005321,7997
1004802,12068
1001440,16797
1001181,772
1003841,6160
1004406,9971
1004271,7862
1004489,8022
1001958,6873
1005472,4026
1005678,15272
1001841,1922
1001613,5386
1003726,12009
1004227,15407
1004220,7016
1002848,5186
1002507,8109
1004568,7177
1004048,5870
1003569,8651
1002734,7859
1003768,5377
1004678,11692
1001306,3755
1003821,6053
1005283,11897
1003945,3134
1005667,16240
1000322,8568
1001395,5383
1004814,5387
1002060,6904
1003129,5228
1000123,16305
1000117,16725
1000408,15903
1001716,5328
1003265,15913
1005627,5173
1001224,8698
1003093,9895
1003994,15582
1000731,5481
1004041,7658
1002020,5958
1002174,6901
1004243,15207
1003416,3519
1005393,8125
1004386,6012
1005461,13361
1004948,5963
1005306,5474
1001962,20878
1004352,5196
1003565,4547
1002605,16165
1004022,10823
1004647,3525
1001291,12647
1001369,10675
1005886,7986
1002304,8050
1002063,10585
1004510,6000
1003402,7122
1000551,7063
1005502,6986
1003185,8683
1002351,16557
1002679,7129
1001794,8410
1004138,13197
1004819,10706
1003827,11993
1004223,7850
1001390,5863
1001579,10570
1001462,8587
1005026,1925
1004658,14272
1000951,5775
1000303,19378
1001985,11473
1002583,19033
1003018,15451
1003673,8641
1005633,7679
1004320,15777
1004762,8018
1000667,1501
1000347,7812
1004489,4425
1001609,6875
1002854,7111
1003851,8060
1003387,3512
1005026,11498
1004922,5235
1005007,16311
1003711,5365
1005738,8143
1001135,15481
1001943,4152
1004915,12110
1001531,15661
1001748,11736
1005488,10770
1000749,19305
1000922,15532
1001794,3736
1001923,2296
1001533,8742
1003704,11068
1003935,8832
1003994,7991
1003266,9974
1004377,7890
1005107,9883
1002179,11571
1002575,11771
1003423,19035
1002073,9901
1002167,4599
1005491,8732
1003044,2817
1005161,9943
1002248,6877
1002814,19441
1001284,4374
1005493,7166
1003293,5422
1005387,15513
1001564,11526
1001680,5239
1001389,10023
1001714,7074
1005929,6178
1003300,15695
1002109,4231
1004032,8700
1002383,8001
1002776,3717
1002611,6964
1004210,12715
1005522,6891
1002340,7889
1002419,5373
1003724,7176
1005153,1427
1001926,13581
1005816,13481
1004028,8570
1003394,5939
1001556,5145
1000566,6900
1004367,15213
1002885,7010
1000724,6869
1005453,18989
1000724,11418
1004187,9811
1001837,17010
1004287,19429
1003675,6898
1004808,11733
1005070,5986
1000934,5943
1003896,15252
1004387,5178
1004193,8740
1003999,15361
1003815,19405
1004491,15500
1002934,10592
1004916,1873
1000230,8071
1001287,9697
1000869,8792
1001125,11717
1004489,19333
1000552,15743
1001864,5150
1002938,8632
1000290,5390
1004334,8572
1000080,15803
1003391,7641
1003965,20361
1001321,4678
1001392,11406
1004157,15794
1005775,5359
1000855,5432
1004472,2274
1004972,9983
1003507,15697
1004001,1810
1003458,13477
1003353,11464
1004672,9943
1003010,15734
1003626,8080
1003001,19534
1005582,9966
1001764,8882
1001701,7031
1002438,9846
1003209,11434
1002591,6127
1001063,16905
1002507,8343
1003416,11371
1002864,6044
1001141,2737
1000612,15306
1002376,7871
1005111,2245
1001889,15319
1005269,16459
1002513,3616
1003481,8669
1004161,4280
1000679,5458
1005450,8226
1001387,8611
1005856,19249
1002896,8066
1001119,6968
1000033,11447
1001693,6877
1002092,5171
1002593,19234
1005483,9895
1000934,3436
1001937,3672
1001788,8617
1002921,8040
1003101,2066
1005621,7917
1002784,7840
1005643,5874
1003590,747
1000063,12739
1000509,12589
1002084,19039
1003841,10016
1000940,16222
1000386,7040
1004508,3715
1000639,11422
1003780,7955
1002102,4437
1004415,7143
1002873,10687
1003032,11692
1003766,5148
1004577,11783
1003821,6902
1000409,12116
1003721,10029
1003524,7121
1000566,7767
1001274,5938
1004455,12010
1003130,19240
1001542,11010
1005847,5454
1003967,1972
1000368,8858
1004964,6928
1004311,11940
1000625,6907
1004314,5370
1000721,15237
1000630,6856
1001632,11781
1004333,11513
1005970,7966
1001341,1665
1002164,6074
1002583,5996
1004048,15692
1002030,8169
1003733,16315
1000831,4527
1001776,1082
1003507,16508
1002272,8172
1006016,5427
1004328,7628
1002018,21160
1003434,15699
1002865,8105
1002837,3573
1002307,19302
1001266,10824
1002097,7397
1000839,8079
1006010,15822
1003778,11497
1006002,8072
1005811,7116
1004742,15263
1000732,12120
1000490,2722
1001265,8858
1005888,13582
1001074,7009
1004322,1965
1001567,10077
1000793,751
1002894,15503
1005256,11933
1000042,15789
1000297,12022
1002718,5253
1002565,945
1001404,5368
1003589,15559
1000647,15756
1003607,15283
1003154,19432
1004482,7104
1003200,4634
1005042,21211
1000235,7169
1003600,16189
1003961,17301
1001114,8047
1001463,5159
1003808,4300
1001377,15811
1002715,6139
1001100,3648
1003643,5456
1005514,8584
1001422,3542
1002911,9974
1003450,16692
1005364,11997
1006002,20521
1000753,7769
1004265,15432
1005785,11990
1003277,5382
1003031,8206
1002995,10660
1000543,2744
1001709,6828
1003135,7811
1004448,7172
1003476,7921
1001922,7032
1001507,13322
1005029,1913
1000331,8302
1001519,1815
1004489,11425
1001532,13590
1004156,15642
1004007,12699
1003533,4147
1001952,3472
1001687,5202
1000990,11482
1000683,11505
1000059,19113
1004079,3790
1004029,8712
1004510,3210
1000216,6046
1000136,10840
1002023,11871
1005627,3496
1000150,13272
1000864,19099
1001842,7840
1002018,10005
1003564,5910
1000704,4039
1000881,5916
1002031,4209
1002840,20381
1000284,19418
1004285,19456
1001242,9920
1001345,5257
1001329,15436
1004837,3511
1001448,6153
1005390,12514
1000566,5448
1004699,15823
1004026,16673
1000531,11535
1004512,8662
1003281,6873
1000029,15911
1000300,7144
1003590,6955
1003693,18961
1004132,1978
1003261,5434
1005536,7761
1003013,5940
1002211,7026
1000889,6144
1000667,11656
1005630,7912
1004715,12013
1004698,8843
1000656,15340
1002895,9883
1004860,5901
1000338,7803
1005317,7989
1000346,5383
1004337,15582
1001897,5826
1005291,8071
1000339,10015
1002777,10025
1005084,4124
1003900,15833
1004375,13559
1004272,12058
1002659,15690
1003825,3106
1002952,16448
1005765,15352
1005413,15629
1001974,5521
1005555,8085
1001179,4570
1004271,5824
1004379,8708
1003661,19623
1004354,2040
1003066,7917
1003900,7158
1002949,15693
1000048,5215
1002605,12396
1005254,15206
1004508,7775
1004390,15802
1004257,15153
1003422,19380
1002969,5244
1005761,5205
1003453,7911
1005555,9848
1000698,7168
1001333,20132
1003189,8900
1003823,14725
1003266,7958
1003526,4343
1003471,4330
1002887,9755
1000954,3974
1002063,3885
1005344,9739
1000019,3092
1001041,8722
1003606,19063
1004728,11610
1004738,7132
1001920,1429
1004222,7883
1004482,7855
1000118,18975
1001088,8031
1002899,15390
1003476,1630
1000651,5449
1001941,13043
1005783,12785
1003380,9753
1004060,15185
1003191,11542
1000456,11898
1003683,4234
1005458,8123
1005657,6997
1004808,5421
1002918,6964
1000497,2767
1001438,6008
1000476,15393
1002777,3893
1003916,3584
1002820,6139
1000150,6907
1003391,7094
1002627,15164
1005509,10027
1000773,15175
1005441,9892
1000402,16490
1003308,3765
1002840,3776
1001693,5885
1004448,15633
1003140,10041
1001016,5910
1005629,15810
1003177,6141
1001776,5153
1001926,19135
1000937,15444
1002451,15691
1002185,11571
1004688,8567
1002026,20166
1004883,19466
1005814,6008
1005124,9874
1006007,11680
1000138,16666
1005599,7171
1003921,11466
1004243,12990
1002900,11621
1001767,21116
1002067,6142
1004344,11423
1000777,11721
1001501,2841
1004745,9783
1005539,9764
1000118,15802
1005046,3086
1003929,7854
1005368,18465
1003204,8674
1000058,15310
1004234,2154
1004647,12063
1004531,15248
1005880,11833
1004909,8878
1001866,5237
1002140,8102
1001635,2258
1002268,6954
1004808,11858
1004829,8170
1005100,9727
1001130,8033
1002978,19518
1000549,12186
1003397,8852
1003013,9864
1003336,7978
1002492,12102
1000245,1983
1002651,11650
1003669,9656
1002172,7874
1002419,7933
1003367,12912
1005671,8760
1003056,19705
1003618,6041
1001597,5246
1003251,5140
1001646,20032
1000678,3647
1005394,5157
1003313,16373
1004757,9897
1002258,13136
1000937,5999
1004934,5313
1001139,6961
1002235,7108
1003850,7928
1002878,5148
1001117,23647
1004578,5455
1000307,7485
1003658,15478
1005955,15463
1001853,8696
1003433,5221
1002010,11866
1002383,10958
1000603,15796
1002153,8814
1001616,6561
1001645,2772
1000238,9765
1003436,3044
1004447,5238
1001817,3657
1002913,16201
1005890,7846
1001613,9874
1003992,6081
1002962,373
1002454,7059
1005561,15769
1004732,5247
1001264,8057
1005433,8242
1003576,6688
1004170,3741
1005779,20481
1001147,7903
1002638,8885
1006006,11022
1001807,7416
1000746,12082
1002570,12370
1001835,9865
1005595,7825
1005340,3691
1002964,761
1004277,13635
1003715,12714
1002907,19635
1005949,4516
1004897,15330
1001976,5876
1001546,16283
1005008,7110
1004478,9781
1003526,19579
1005673,7989
1002928,20948
1002092,11570
1001540,7179
1004507,15237
1001109,9971
1005894,15866
1002133,8786
1000415,7792
1004945,19375
1003343,13458
1000023,5241
1000820,19437
1003484,3615
1000329,15275
1001209,6740
1001303,7809
1003389,12899
1004223,7768
1001377,15676
1004277,5842
1003778,4076
1001112,6964
1000264,1797
1005287,6923
1004808,7846
1001298,5461
1004984,3440
1003402,5460
1000324,714
1005418,1981
1002766,5319
1001194,7945
1004915,11900
1003611,19458
1005812,7833
1003824,5408
1003690,4228
1005419,6890
1004653,3590
1004662,3599
1003123,19349
1002327,723
1003272,12268
1001470,5175
1003087,5696
1000424,9934
1004793,1422
1003832,4041
1004447,8825
1001465,15897
1005686,7660
1004510,12093
1001150,1833
1004785,8091
1003233,10000
1002774,15451
1002561,3588
1001780,5360
1004227,1954
1004916,5447
1002063,5330
1002681,5242
1004985,12036
1005550,8629
1005054,6157
1004810,3864
1001611,7361
1004946,8683
1004514,15377
1001693,11679
1000190,5966
1004490,20673
1003618,11912
1004940,9969
1004447,3623
1000445,12106
1001244,12009
1001040,7045
1001556,5215
1001509,5721
1002536,6095
1003888,6203
1003402,7769
1006011,19016
1000731,7785
1004571,4599
1004619,5884
1003091,7797
1000499,5160
1003993,6093
1001828,6004
1004620,8573
1003793,7086
1002852,4710
1004028,19619
1000195,10003
1002916,8793
1003529,8263
1003150,5265
1004277,5216
1000770,5314
1001673,13494
1003413,18993
1005097,16146
1002753,5440
1004502,7785
1003154,8691
1004425,3460
1002215,4170
1002037,8842
1000026,8231
1004658,11964
1000629,9659
1003931,5822
1003118,11856
1004682,7671
1003651,691
1004653,5932
1001764,19256
1004041,19473
1001817,15703
1004064,7856
1005046,707
1000245,15551
1003420,9947
1003982,8697
1000195,6199
1004440,8141
1000957,8583
1003724,5314
1004662,19018
1005512,15771
1005780,4244
1001647,5147
1001100,1718
1003869,15489
1002146,11554
1005282,9856
1001011,10052
1000594,1763
1004497,4560
1003283,6875
1002124,6887
1000933,9799
1004607,7117
1001449,19943
1005961,6136
1000337,1607
1003198,5956
1001806,8009
1004058,3973
1000880,13355
1002641,7985
1000398,8412
1002938,16499
1002926,4199
1000975,1751
1003599,15687
1003471,12359
1003998,5920
1000202,19209
1005455,11861
1001958,12583
1003391,3446
1003683,6101
1002665,1948
1003159,13193
1000249,20105
1000832,3528
1003868,11989
1000430,8837
1001693,7129
1004482,7125
1003416,7156
1001912,4494
1001530,15612
1004424,19440
1000536,7944
1000757,5294
1000132,5377
1004447,12920
1005871,8131
1002168,6163
1004448,3457
1002466,13246
1001448,5446
1005605,1409
1003673,7161
1001150,13689
1000161,20423
1005307,15761
1001969,12887
1001266,12344
1000453,8788
1001130,19142
1002015,6947
1001340,5428
1002546,5889
1003532,7605
1004418,6894
1004725,11896
1004451,11675
1005686,3597
1005468,23655
1004104,19622
1000627,9775
1003718,23942
1003088,16068
1004277,7114
1000551,7184
1003402,9864
1004404,16189
1004116,20065
1000329,15396
1001775,3428
1003635,23915
1001601,5316
1000362,15904
1005453,5845
1001956,8288
1003054,11705
1003654,15427
1001448,9786
1002024,3495
1004187,8883
1004508,3432
1003440,18960
1003313,8106
1002078,12064
1000922,11906
1000777,15353
1003712,6452
1000968,7090
1004271,15449
1003134,23928
1001016,7034
1004795,20199
1001264,12389
1003452,15580
1005837,19501
1000918,8091
1004344,4664
1002507,8216
1005536,7950
1005046,10934
1003853,8293
1001451,10056
1000677,15343
1003466,6980
1004489,12087
1002171,11707
1004416,5278
1001407,9703
1001926,20061
1005372,3609
1001203,20564
1002909,5974
1003418,15222
1002526,11407
1004064,4090
1004083,864
1001088,8131
1000195,16632
1001440,1966
1003214,7898
1003968,15755
1003433,15897
1003320,6749
1005333,7819
1000956,5184
1001956,8073
1005333,9880
1000757,5144
1001399,19096
1004798,6077
1004126,5392
1001149,8245
1002419,8063
1003626,11508
1002237,6943
1000692,11459
1000601,6863
1004541,10051
1004808,4420
1004704,11651
1003128,16698
1003241,8657
1003513,16151
1000149,12666
1002304,12013
1003958,20327
1003454,5185
1003885,2805
1000026,7814
1000543,6965
1005433,5269
1003129,11666
1005099,6866
1000073,15333
1005636,16390
1002466,11789
1005345,7149
1002406,12052
1003971,7069
1004617,15248
1003272,9931
1001775,6967
1000749,20970
1001503,5432
1000092,3107
1000403,5476
1003900,7655
1003521,6559
1003599,12835
1004055,7891
1003314,8792
1004238,6065
1004822,8673
1003110,10143
1001468,15851
1004099,7096
1005468,6981
1003097,8801
1005865,8124
1004021,5412
1004171,6914
1000173,6919
1000344,16350
1005100,8783
1006002,20638
1002937,6026
1005367,8151
1004416,11430
1002837,4335
1003531,6909
1000850,7630
1002544,4704
1001599,7160
1003323,8570
1002124,5902
1001396,5442
1004344,1747
1002063,7758
1003985,12389
1003402,12765
1000119,13241
1000590,6061
1002116,3944
1000713,11555
1000485,7105
1004186,6149
1005418,3110
1000533,15556
1003467,14389
1002934,9029
1001303,5315
1002599,16064
1000019,10017
1003337,5848
1003108,19519
1003693,6911
1001317,11479
1003547,15552
1005686,11504
1001029,1758
1003622,6135
1005394,11703
1004725,12503
1005355,5424
1001359,11829
1005267,7777
1002119,19552
1003430,21052
1002190,19551
1001386,18775
1002265,19164
1002242,19342
1003675,4593
1003761,15205
1001726,4130
1003549,3501
1005749,20149
1002890,23699
1003799,19508
1003894,7791
1003393,16053
1001194,15381
1002041,7947
1000316,15498
1005759,5997
1001193,15295
1005394,6995
1003283,3125
1005749,19698
1000810,11968
1003441,5898
1003341,12018
1004049,15815
1001889,8336
1004841,7886
1001134,8808
1002427,5440
1003650,7031
1005545,6081
1000192,2168
1003115,8220
1000749,5445
1003178,5480
1001899,8041
1004449,13630
1005452,15216
1001861,5959
1003884,19902
1003464,16297
1000884,4622
1002907,8680
1001693,4437
1000409,21447
1003300,8803
1003158,15719
1004979,3048
1004387,5450
1004373,8062
1001087,8033
1001867,16636
1004931,18485
1002071,5402
1002909,741
1001124,19411
1005046,19336
1000622,15944
1005932,7593
1004277,5949
1001709,3472
1004186,8072
1004586,5143
1002453,7791
1002130,8436
1004118,16825
1001150,374
1001134,7102
1004890,4179
1002216,3842
1005239,7787
1005069,23446
1003963,15339
1001912,7900
1001722,21506
1004578,12765
1005855,8654
1002826,7093
1005111,10053
1003518,10016
1003590,5328
1005550,3281
1005605,6090
1003833,16400
1004725,2798
1002753,7868
1000384,15425
1002840,15161
1000346,7091
1001780,10052
1001988,3514
1005044,8133
1004078,3481
1005107,5871
1003032,13268
1002751,2911
1002857,11580
1002654,7893
1003688,6966
1004016,7026
1002225,15860
1003957,8644
1004058,721
1003081,13242
1003195,6134
1002909,15499
1004085,7891
1004500,19048
1003940,2835
1004331,6746
1000808,15320
1004271,20887
1004411,15563
1005713,7094
1003416,6152
1004837,4681
1004732,12342
1000709,1584
1005433,7887
1004561,19280
1005824,10141
1005080,11550
1001087,16406
1004088,19005
1003615,1995
1001224,8878
1003504,8599
1003578,3639
1001128,15766
1004771,12140
1001891,7022
1004048,3541
1000390,1959
1001262,7094
1000186,20137
1004160,10071
1004345,5950
1001099,6182
1002715,10623
1001727,5261
1000780,5216
1004808,8439
1001286,2386
1003885,15274
1003224,6913
1002486,9788
1000543,8774
1004028,19706
1001702,6077
1004494,10014
1001837,3576
1000370,9946
1001107,8887
1002550,5330
1005472,11726
1003823,3853
1000792,13000
1001293,9843
1005851,12752
1005929,4337
1001733,6867
1000550,17209
1004380,5157
1005847,8903
1000426,8046
1002624,5918
1001057,12112
1004026,13666
1002369,20415
1001344,9779
1001340,4141
1004979,5327
1004832,15414
1005434,21177
1005042,5280
1005151,18973
1000718,15235
1000578,16528
1003182,11434
1005880,8737
1005747,12915
1003072,8097
1001218,9792
1000369,5350
1002340,16069
1003693,15415
1005273,3440
1003260,7043
1000268,5423
1000594,8728
1005749,8684
1003645,5195
1002857,6026
1000780,19470
1002466,7915
1003248,6074
1000587,8597
1002865,8803
1002015,16732
1004824,5233
1001099,5269
1000268,2007
1002567,11938
1001883,3554
1002165,2116
1003773,5286
1000166,8583
1001446,20336
1003311,6870
1000161,20723
1003526,3697
1002682,7681
1003746,9708
1002663,7062
1003216,5412
1005964,3726
1001349,15418
1004302,6863
1004647,5360
1000026,3566
1004411,8877
1002938,6977
1000025,7911
1002105,7963
1005648,15351
1004089,10554
1004535,15191
1005623,13609
1004216,19312
1005753,15517
1001124,6998
1001099,941
1001505,6933
1003620,8208
1000048,4393
1003105,9797
1000054,6935
1005816,15220
1004940,7053
1000993,4165
1004327,15261
1005333,8744
1000257,5260
1001794,15801
1004728,5209
1001116,6858
1000102,8857
1001599,11959
1002698,6865
1003393,11945
1005862,13445
1003994,15234
1004500,3979
1003766,5284
1003769,10049
1003224,7801
1000476,18964
1001135,15726
1003614,15423
1000117,11584
1004007,8326
1000002,20657
1005874,12918
1004647,15325
1003464,15650
1002583,2837
1001552,11926
1000937,19417
1003841,11957
1000877,11685
1003308,15881
1000963,3685
1005182,13065
1002316,19272
1000396,3507
1005483,8127
1001279,6173
1005553,7030
1000476,5148
1004375,11772
1002073,8866
1004510,382
1001340,7811
1002409,15398
1003191,744
1005448,8044
1003521,5202
1002457,4482
1004088,5280
1004227,6145
1001035,10037
1005607,7011
1002116,15646
1004813,10074
1000226,9740
1001434,5934
1000388,9835
1000182,8670
1006026,5385
1004935,16679
1005030,6045
1000453,15793
1004344,6983
1004647,4115
1003821,11571
1003018,16574
1005753,7762
1003829,5373
1003506,15365
1004543,4470
1001806,19602
1005361,15787
1000983,19677
1002916,9916
1002054,13189
1001880,11455
1003635,8839
1004344,11413
1004994,7795
1001181,9539
1002708,6909
1001190,15471
1001880,7149
1001764,15450
1002878,12909
1003191,11461
1005788,3918
1001357,2947
1000152,5234
1001266,13395
1004482,10039
1002056,13252
1002018,16360
1004137,8643
1000520,571
1004091,5212
1001632,2760
1000173,9825
1003160,15504
1001031,15379
1003778,8897
1002492,5480
1001451,8014
1003831,2119
1002738,7109
1002089,7845
1002168,5192
1004186,3914
1000216,7169
1003896,14573
1000187,9858
1002343,1424
1000744,7087
1003389,7759
1001134,19100
1005753,6052
1003577,11954
1001181,8219
1004389,5277
1000500,5829
1000602,21510
1002605,15505
1003681,11854
1005218,7117
1000855,5358
1001778,5315
1005096,16033
1004386,1474
1001655,8004
1001503,7123
1004786,3587
1005367,15785
1005112,11986
1003955,19356
1004436,6863
1000531,5862
1000183,20167
1003312,15823
1000118,5445
1005198,4209
1004637,1567
1004260,7156
1002645,4123
1000426,10995
1004916,1742
1004171,8801
1005054,12155
1001820,3726
1004001,7926
1000575,15406
1002166,15791
1001680,391
1001165,1738
1002018,1762
1000070,2304
1004090,9851
1004581,7037
1001733,3646
1001996,15622
1000048,3183
1003001,9736
1000937,6858
1003619,7974
1000265,10047
1004739,8043
1001635,8827
1002505,11649
1004784,8805
1003976,4060
1000889,6128
1003521,5237
1001221,19547
1003745,1594
1005165,8641
1002807,5445
1002990,9923
1004177,6161
1002015,7947
1005134,9958
1002995,568
1005831,10701
1005015,8067
1001837,20053
1004000,6144
1003497,15342
1005234,6854
1005587,4143
1000080,19069
1000662,7745
1002771,3493
1002544,15276
1004403,10078
1000708,19464
1001984,15405
1003469,10881
1005854,2987
1001988,10988
1005950,3902
1001841,8183
1004617,6003
1003138,16774
1002163,15678
1002042,5428
1004009,1564
1000301,8663
1002466,20960
1001422,8285
1002749,5222
1001579,2329
1000911,7105
1005561,12218
1001321,5972
1005187,8786
1000889,9838
1003997,15737
1005053,6138
1002737,5164
1002910,12339
1005978,6592
1000329,3176
1004470,10698
1000062,16698
1002529,10750
1003827,12087
1002889,15314
1000618,1437
1002856,5411
1004585,15695
1004950,15830
1004486,2757
1004384,5945
1003153,6963
1002457,19216
1001484,5990
1005443,10012
1002541,15646
1001088,3235
1004305,8900
1001875,15665
1005607,6996
1004772,16358
1003526,11862
1004186,4162
1004819,11713
1001329,15310
1005539,8573
1004083,5187
1000036,11518
1000880,10081
1002250,7890
1000242,10664
1005287,19036
1002351,7883
1001209,7067
1005074,8624
1002251,7971
1000648,5466
1003469,19274
1002873,3468
1004937,15627
1004675,8809
1005795,4151
1002611,1502
1002854,4074
1003112,7118
1001948,19248
1003196,15524
1000360,7919
1000919,7136
1002001,10065
1003898,6066
1002389,4633
1002927,9568
1004947,11986
1000854,12584
1004591,7982
1002825,5975
1000499,16083
1006025,7077
1004517,7028
1003414,7971
1005775,3727
1003193,4708
1002328,11694
1001077,9704
1002909,15793
1002611,19281
1004898,16697
1003731,3906
1001903,19535
1000583,5864
1005025,17028
1000780,2835
1003110,20730
1003032,7648
1004305,8778
1005131,5232
1001758,15983
1003224,12697
1002662,12106
1005924,11826
1005091,12996
1003618,6079
1006035,955
1006033,11510
1003745,6885
1006016,11494
1001367,6875
1003125,3619
1004175,8856
1002926,7054
1005453,765
1004552,11562
1000452,7034
1005596,11832
1002962,12723
1000057,10833
1004653,7068
1002764,6056
1000905,8002
1003020,8069
1002230,7947
1000293,8206
1003693,11640
1003512,7839
1004000,19073
1002331,9739
1003717,12845
1002124,10037
1004089,8023
1000774,11993
1000178,1381
1003509,4231
1005550,9926
1002225,6969
1003529,1771
1001447,16475
1004940,940
1001680,6130
1003768,591
1000798,1481
1005652,4011
1003067,5324
1002883,1771
1004083,8301
1002116,13265
1001440,15996
1003031,8001
1005955,15886
1005087,3655
1003970,766
1003400,19156
1005759,4166
1000166,951
1005498,5994
1004725,8253
1004957,18805
1005948,8904
1004422,4439
1003483,20088
1004085,20488
1004647,7943
1004568,6510
1003380,11375
1001501,6951
1003853,7182
1004344,16328
1002859,7188
1003830,15293
1001051,7079
1003490,9732
1000571,8927
1001449,11887
1002743,7018
1005019,12000
1001274,8210
1005499,15719
1000163,10795
1005974,3684
1000453,16703
1004285,7147
1004404,10957
1001358,15443
1001142,5397
1004360,9724
1003679,2161
1002251,7050
1000245,11943
1000925,2143
1000331,8785
1002670,9876
1000187,11645
1001284,7961
1003464,9956
1000695,5474
1000516,8149
1004508,9874
1003842,1843
1004653,6931
1000266,8079
1000141,8867
1005424,12858
1001764,15459
1001767,3905
1004517,18960
1000710,16720
1002489,6883
1002626,15316
1002857,16762
1002512,9765
1001726,3844
1004556,1580
1003018,16208
1001880,7911
1000026,10156
1001130,4364
1000181,15218
1005039,4034
1000216,6882
1001088,4680
1001010,560
1003842,4103
1004309,5901
1001639,763
1000202,8429
1000725,9872
1002608,19689
1003125,5357
1004480,1707
1001150,21378
1002909,2025
1005596,10059
1003576,10079
1000778,11562
1005181,5276
1001107,2869
1003246,3453
1003085,19438
1005156,8851
1004264,19256
1001261,2010
1004821,6914
1002611,6873
1002390,5245
1004156,15879
1001880,7999
1005178,7158
1003072,3438
1000595,5471
1001164,8082
1000509,20464
1004386,11788
1001524,9729
1001102,4282
1005326,1974
1000255,19342
1001546,8886
1001323,7121
1002092,7830
1003836,10031
1004735,15955
1002670,11436
1005650,12709
1005786,11413
1002243,16125
1002962,13162
1002258,1406
1005074,11685
1005452,5203
1003209,7729
1001142,11879
1001068,5418
1000462,15646
1006035,8601
1001203,7911
1001752,7034
1000846,4677
1002264,5871
1000556,11820
1003348,6869
1000640,15462
1002788,5866
1000452,15513
1002146,15513
1000092,12795
1002737,7758
1000757,4003
1001901,13483
1004529,15913
1000877,7608
1003889,11071
1000442,7138
1001112,15778
1004647,12069
1003576,9740
1005198,8705
1003847,8293
1002106,4107
1001916,5372
1003945,6915
1005153,8049
1000913,4025
1002010,3938
1003031,9761
1004007,5963
1001219,15351
1004386,11485
1002181,5231
1002865,5249
1000424,12997
1001242,6125
1000850,592
1004747,15290
1000480,11835
1003821,3583
1003771,8337
1005286,8875
1005129,12824
1005780,5292
1001489,3648
1001000,7967
1001587,5719
1005413,8772
1001857,19119
1001894,8694
1004510,11516
1005458,5167
1005057,3692
1003808,13259
1001948,8320
1000474,20905
1001113,19190
1002931,20392
1004409,7787
1003311,4459
1003381,16553
1000765,5470
1002592,11817
1001891,7896
1000308,6879
1005543,19313
1002323,7091
1005587,7160
1003539,5298
1004203,16489
1004277,18682
1005340,4038
1003859,11720
1001181,3282
1000839,9933
1003069,5236
1001150,7826
1001390,7031
1003213,12627
1004301,9820
1002011,6954
1005387,8128
1001004,5475
1003771,3901
1000808,2975
1004424,15326
1001340,15902
1000788,12724
1001758,3957
1000225,3516
1004452,8678
1001980,5260
1002038,5456
1000710,9870
1003262,5424
1003011,6987
1002436,6993
1005493,8223
1002743,16456
1002738,9843
1001198,8831
1001179,5140
1005329,7884
1001244,8067
1002936,3501
1000954,6902
1001980,5337
1005165,8577
1002119,11943
1001851,3708
1003394,6923
1004895,19056
1002564,8746
1003017,6958
1005947,12039
1003691,17213
1000549,11646
1000692,8114
1001004,12009
1003677,11427
1001273,9727
1000163,8081
1000136,4383
1005948,8635
1001329,12648
1000839,19146
1004430,2765
1001939,5452
1005650,3858
1003844,6970
1006040,20945
1005963,8090
1000020,11623
1005995,10701
1004946,11640
1004566,19422
1000929,11395
1000424,7758
1003621,23053
1001481,3127
1004305,11909
1001922,11728
1005306,6992
1001592,16486
1005124,6080
1002064,8029
1000714,8155
1000013,15912
1001396,3567
1001279,8280
1003638,12713
1001746,9729
1001303,6012
1000967,8702
1000939,5453
1000130,19525
1004238,6186
1003118,11487
1003357,19290
1000023,19239
1001515,15460
1003462,10053
1005183,8776
1003151,8802
1004539,8849
1004161,5844
1001755,7932
1004448,15868
1005718,4180
1000999,7895
1004386,2994
1005924,15750
1004260,8685
1004655,6930
1005851,10694
1004232,8137
1002461,7065
1000045,8186
1005535,16212
1000631,6176
1000048,12049
1003705,7844
1004344,9782
1003313,15200
1005543,15727
1001978,7083
1003858,9966
1003425,6183
1001694,6123
1005779,10042
1004345,11974
1000053,16566
1003032,7492
1004979,2146
1002559,7852
1002226,5318
1001577,12195
1004286,8655
1004446,10016
1004277,7816
1002079,7917
1003671,15334
1001717,9555
1002544,9741
1001015,7192
1003483,5193
1005956,3667
1000861,7106
1003154,11447
1005146,1919
1002776,1723
1005042,2144
1004386,7129
1001449,15306
1002679,5841
1003618,8295
1005372,5142
1001152,8001
1001264,6916
1000330,2076
1000970,7911
1005333,8084
1002967,8417
1001467,9942
1003613,7598
1002537,1819
1001087,7781
1003471,18518
1002761,10103
1005129,15513
1004094,15274
1004387,4263
1001856,19364
1004324,20405
1000949,7685
1000231,16346
1002891,5370
1005711,4193
1002707,8082
1003261,16397
1001164,8088
1004994,8598
1002700,943
1005015,7797
1001176,10081
1002181,7082
1005353,19559
1005239,15279
1002106,1905
1002941,7037
1004907,8581
1003477,1753
1001988,5260
1004302,15560
1002907,15343
1004489,13059
1001584,11932
1002185,8768
1002472,19413
1000556,8093
1005788,4021
1002221,5401
1003218,5987
1001667,11547
1005925,7819
1005300,8891
1005039,3942
1001193,8883
1005256,1373
1002109,6184
1000238,9917
1005940,5825
1004215,16301
1002665,5424
1001063,15384
1001603,9850
1001553,5432
1002288,8140
1003005,8633
1004779,8758
1004319,16707
1001722,7508
1002837,5822
1003577,6994
1002116,13196
1001928,2829
1003656,6936
1001030,11410
1005826,9763
1001554,3479
1004798,4608
1004014,15709
1003864,19679
1001203,7170
1004821,11976
1004521,7140
1000659,5881
1001988,7838
1004052,7849
1003942,3458
1004676,3972
1004685,12006
1005100,13451
1001340,3432
1002489,5302
1002898,7035
1003135,9771
1000855,2069
1002931,7179
1000190,4508
1002180,9872
1000712,12076
1000869,10704
1001722,4445
1004799,6955
1002856,5889
1004673,8076
1001728,13504
1001962,7593
1003841,7621
1000531,2957
1000939,12828
1002656,15797
1001040,7781
1003513,6982
1000628,2026
1003125,11465
1003984,8207
1002319,5346
1002340,15257
1003997,19344
1004983,5352
1004265,9672
1000734,3448
1001651,5447
1004635,15618
1002611,19506
1004064,1753
1002996,2028
1005833,9774
1001418,3047
1004213,15893
1004048,7143
1005872,5837
1002116,11752
1005521,5471
1000059,7811
1001912,9726
1001648,3724
1004598,5199
1003422,5355
1001601,19671
1004150,9696
1003146,6961
1000006,2831
1003796,10009
1005443,19163
1004415,11576
1004186,4271
1003577,1959
1000517,7169
1005915,11648
1001974,12638
1002790,22668
1000508,15537
1004569,12110
1004363,19318
1000272,10861
1001059,5316
1003041,8351
1003483,19593
1000264,19006
1001985,7602
1000575,7992
1004524,13271
1003916,19356
1004675,7104
1003996,19615
1003105,9655
1002008,19989
1002435,19689
1000414,2373
1000509,7674
1000173,8600
1002825,8007
1004614,8000
1005519,8126
1005888,19568
1000445,13073
1000205,13716
1003789,11654
1003756,2840
1002344,7792
1001793,13483
1002627,3907
1005504,10051
1004496,4436
1002573,8778
1004821,5200
1001424,16388
1002776,8746
1005720,1804
1002537,3449
1001828,5928
1001868,7119
1001613,16653
1004979,6729
1004224,15788
1004180,7892
1005497,15245
1004460,5286
1003650,4042
1002397,16467
1003654,8015
1003771,3165
1000931,7813
1005220,5901
1003625,5472
1005435,15438
1000924,8056
1005333,5414
1003503,7718
1002826,12574
1002063,7002
1001225,1391
1002520,7765
1003475,9715
1003292,11893
1004414,9702
1004470,7719
1001912,4641
1006039,5395
1002506,397
1004213,16283
1004946,5322
1005461,6991
1000278,7458
1005972,10002
1000059,6971
1001542,8476
1004001,9835
1004522,3489
1003727,3964
1005256,7599
1003389,16699
1005738,7886
1001303,4259
1005504,20682
1002907,2177
1001139,10078
1001969,11724
1003401,2058
1005118,15191
1003829,4600
1005747,19228
1000261,8660
1001125,5818
1004021,2839
1001857,9933
1002479,8771
1000721,6973
1003857,5168
1001181,1467
1003750,5147
1001328,19381
1005256,12012
1001369,8756
1000278,7383
1005513,2677
1005547,5406
1000620,2103
1003437,9764
1001556,15745
1003716,7144
1000180,7796
1002570,5185
1000632,11697
1002986,7019
1005838,8088
1002749,9945
1005457,15871
1000461,7024
1002146,4011
1005143,13273
1003589,15207
1004566,15306
1004858,4553
1005659,8110
1001449,7931
1002414,19592
1006036,9708
1002230,7863
1005011,6971
1003018,7827
1003904,8187
1005026,1917
1003677,7424
1001078,8084
1005803,776
1002125,19522
1003732,7983
1002842,7762
1003462,16308
1001706,12032
1003491,5876
1003825,5149
1000329,8019
1003526,10967
1004614,23904
1003569,9728
1004071,3793
1002304,6854
1004810,15834
1001134,8890
1000899,5174
1001790,8683
1005301,15269
1000123,7090
1001356,7116
1001530,8082
1002665,6542
1000346,15910
1003761,9776
1005593,6969
1001322,1719
1005321,7162
1004343,20427
1004725,10642
1004018,7723
1002931,11572
1002221,7978
1002106,5194
1001391,12230
1000022,3590
1004291,949
1005107,7914
1003510,5161
1002857,4486
1004946,7392
1004277,15891
1001889,3676
1005042,5144
1004645,18739
1002693,10068
1000331,7087
1003292,7092
1005686,1848
1001950,3699
1000123,9966
1003367,12950
1003731,7656
1002734,1409
1003576,15495
1005004,6947
1001628,6995
1000278,6041
1003033,5910
1003562,5446
1005004,9959
1001421,2296
1005387,13656
1003539,18981
1005287,12007
1003422,5449
1002996,11751
1003693,5359
1001837,8129
1003412,6861
1005865,6984
1003971,7784
1003300,11385
1001202,8664
1000059,7007
1005957,5147
1005570,6903
1003899,6204
1004510,2143
1000411,12118
1001624,19622
1004083,737
1003946,5902
1003621,4028
1004024,5945
1001415,8001
1004277,5213
1004053,15659
1003993,11712
1001542,15344
1005675,2971
1000308,6877
1001285,3177
1000641,1856
1000426,7835
1000533,8869
1003945,12039
1001340,3469
1005222,6969
1003389,3714
1000376,7804
1002018,7104
1001228,776
1003773,6998
1003526,16282
1003182,1966
1005841,6941
1001851,8323
1002878,7926
1000872,18960
1001101,7853
1003112,3530
1004823,6119
1001616,5184
1004186,5263
1005829,6985
1006036,3969
1003118,15790
1001889,7031
1005663,4484
1000230,23349
1002896,11920
1002994,15519
1001316,5418
1002334,12095
1000743,6882
1000302,3490
1000048,6874
1003910,1399
1004381,3154
1000151,6988
1005878,15226
1004326,2272
1003371,11432
1005364,7076
1004458,10093
1004277,16471
1004957,10007
1004223,11681
1003031,8825
1001883,10057
1004832,1837
1004771,9697
1000692,9929
1005936,8860
1001904,5331
1000918,8324
1001447,5328
1001755,1029
1000368,7841
1005367,7594
1001400,16077
1001506,14109
1001447,16344
1005744,8852
1005345,6996
1001599,5315
1002929,15743
1001181,3622
1005848,9973
1003112,7145
1002013,8764
1005019,7947
1003243,8619
1003001,8437
1006016,6172
1001390,5167
1005675,7157
1004953,5246
1005809,5184
1005594,7891
1002605,5153
1003285,3736
1000202,7188
1004086,8741
1003308,20415
1005878,16639
1001608,5940
1005831,8084
1001356,8048
1004725,10696
1003521,5391
1001139,12080
1001395,15825
1003490,11476
1001333,3623
1003399,9940
1003800,11836
1003763,15485
1001641,1603
1003912,6185
1002903,19254
1003327,8177
